series_id,incident_id,offense_id,true_offender_person_id
SERIES0001,INC000001,OFF000002,P00688
SERIES0001,INC000002,OFF000003,P00688
SERIES0002,INC000003,OFF000004,P00649
SERIES0002,INC000004,OFF000005,P00649
SERIES0002,INC000005,OFF000006,P00649
SERIES0002,INC000006,OFF000007,P00649
SERIES0002,INC000007,OFF000008,P00649
SERIES0003,INC000008,OFF000009,P00353
SERIES0003,INC000009,OFF000010,P00353
SERIES0003,INC000010,OFF000011,P00353
SERIES0003,INC000011,OFF000012,P00353
SERIES0004,INC000012,OFF000013,P00385
SERIES0004,INC000013,OFF000014,P00385
SERIES0005,INC000014,OFF000015,P00227
SERIES0005,INC000015,OFF000016,P00227
SERIES0005,INC000016,OFF000017,P00227
SERIES0005,INC000017,OFF000018,P00227
SERIES0005,INC000018,OFF000019,P00227
SERIES0006,INC000019,OFF000020,P00105
SERIES0006,INC000020,OFF000021,P00105
SERIES0006,INC000021,OFF000022,P00105
SERIES0007,INC000022,OFF000023,P00241
SERIES0007,INC000023,OFF000024,P00241
SERIES0007,INC000024,OFF000025,P00241
SERIES0007,INC000025,OFF000026,P00241
SERIES0007,INC000026,OFF000027,P00241
SERIES0008,INC000027,OFF000028,P00396
SERIES0008,INC000028,OFF000029,P00396
SERIES0008,INC000029,OFF000030,P00396
SERIES0008,INC000030,OFF000031,P00396
SERIES0008,INC000031,OFF000032,P00396
SERIES0009,INC000032,OFF000033,P00103
SERIES0009,INC000033,OFF000034,P00103
SERIES0009,INC000034,OFF000035,P00103
SERIES0010,INC000035,OFF000036,P00550
SERIES0010,INC000036,OFF000037,P00550
SERIES0010,INC000037,OFF000038,P00550
SERIES0010,INC000038,OFF000039,P00550
SERIES0010,INC000039,OFF000040,P00550
SERIES0011,INC000040,OFF000041,P00505
SERIES0011,INC000041,OFF000042,P00505
SERIES0012,INC000042,OFF000043,P00100
SERIES0012,INC000043,OFF000044,P00100
SERIES0012,INC000044,OFF000045,P00100
SERIES0012,INC000045,OFF000046,P00100
SERIES0013,INC000046,OFF000047,P00148
SERIES0013,INC000047,OFF000048,P00148
SERIES0013,INC000048,OFF000049,P00148
SERIES0013,INC000049,OFF000050,P00148
SERIES0014,INC000050,OFF000051,P00146
SERIES0014,INC000051,OFF000052,P00146
SERIES0014,INC000052,OFF000053,P00146
SERIES0014,INC000053,OFF000054,P00146
SERIES0015,INC000054,OFF000055,P00139
SERIES0015,INC000055,OFF000056,P00139
SERIES0015,INC000056,OFF000057,P00139
SERIES0015,INC000057,OFF000058,P00139
SERIES0015,INC000058,OFF000059,P00139
SERIES0016,INC000059,OFF000060,P00741
SERIES0016,INC000060,OFF000061,P00741
SERIES0016,INC000061,OFF000062,P00741
SERIES0016,INC000062,OFF000063,P00741
SERIES0017,INC000063,OFF000064,P00504
SERIES0017,INC000064,OFF000065,P00504
SERIES0017,INC000065,OFF000066,P00504
SERIES0017,INC000066,OFF000067,P00504
SERIES0018,INC000067,OFF000068,P00406
SERIES0018,INC000068,OFF000069,P00406
SERIES0018,INC000069,OFF000070,P00406
SERIES0018,INC000070,OFF000071,P00406
SERIES0019,INC000071,OFF000072,P00301
SERIES0019,INC000072,OFF000073,P00301
SERIES0020,INC000073,OFF000074,P00335
SERIES0020,INC000074,OFF000075,P00335
SERIES0021,INC000075,OFF000076,P00009
SERIES0021,INC000076,OFF000077,P00009
SERIES0021,INC000077,OFF000078,P00009
SERIES0021,INC000078,OFF000079,P00009
SERIES0022,INC000079,OFF000080,P00368
SERIES0022,INC000080,OFF000081,P00368
SERIES0023,INC000081,OFF000082,P00178
SERIES0023,INC000082,OFF000083,P00178
SERIES0023,INC000083,OFF000084,P00178
SERIES0023,INC000084,OFF000085,P00178
SERIES0023,INC000085,OFF000086,P00178
SERIES0024,INC000086,OFF000087,P00717
SERIES0024,INC000087,OFF000088,P00717
SERIES0024,INC000088,OFF000089,P00717
SERIES0025,INC000089,OFF000090,P00394
SERIES0025,INC000090,OFF000091,P00394
SERIES0025,INC000091,OFF000092,P00394
SERIES0026,INC000092,OFF000093,P00190
SERIES0026,INC000093,OFF000094,P00190
SERIES0026,INC000094,OFF000095,P00190
SERIES0026,INC000095,OFF000096,P00190
SERIES0027,INC000096,OFF000097,P00267
SERIES0027,INC000097,OFF000098,P00267
SERIES0027,INC000098,OFF000099,P00267
SERIES0027,INC000099,OFF000100,P00267
SERIES0027,INC000100,OFF000101,P00267
SERIES0028,INC000101,OFF000102,P00107
SERIES0028,INC000102,OFF000103,P00107
SERIES0028,INC000103,OFF000104,P00107
SERIES0028,INC000104,OFF000105,P00107
SERIES0028,INC000105,OFF000106,P00107
SERIES0029,INC000106,OFF000107,P00338
SERIES0029,INC000107,OFF000108,P00338
SERIES0029,INC000108,OFF000109,P00338
SERIES0029,INC000109,OFF000110,P00338
SERIES0030,INC000110,OFF000111,P00212
SERIES0030,INC000111,OFF000112,P00212
SERIES0030,INC000112,OFF000113,P00212
SERIES0030,INC000113,OFF000114,P00212
SERIES0031,INC000114,OFF000115,P00536
SERIES0031,INC000115,OFF000116,P00536
SERIES0031,INC000116,OFF000117,P00536
SERIES0032,INC000117,OFF000118,P00736
SERIES0032,INC000118,OFF000119,P00736
SERIES0033,INC000119,OFF000120,P00198
SERIES0033,INC000120,OFF000121,P00198
SERIES0033,INC000121,OFF000122,P00198
SERIES0033,INC000122,OFF000123,P00198
SERIES0033,INC000123,OFF000124,P00198
SERIES0034,INC000124,OFF000125,P00589
SERIES0034,INC000125,OFF000126,P00589
SERIES0034,INC000126,OFF000127,P00589
SERIES0034,INC000127,OFF000128,P00589
SERIES0034,INC000128,OFF000129,P00589
SERIES0035,INC000129,OFF000130,P00689
SERIES0035,INC000130,OFF000131,P00689
SERIES0036,INC000131,OFF000132,P00415
SERIES0036,INC000132,OFF000133,P00415
SERIES0036,INC000133,OFF000134,P00415
SERIES0036,INC000134,OFF000135,P00415
SERIES0036,INC000135,OFF000136,P00415
SERIES0037,INC000136,OFF000137,P00559
SERIES0037,INC000137,OFF000138,P00559
SERIES0037,INC000138,OFF000139,P00559
SERIES0037,INC000139,OFF000140,P00559
SERIES0038,INC000140,OFF000141,P00748
SERIES0038,INC000141,OFF000142,P00748
SERIES0038,INC000142,OFF000143,P00748
SERIES0038,INC000143,OFF000144,P00748
SERIES0038,INC000144,OFF000145,P00748
SERIES0039,INC000145,OFF000146,P00015
SERIES0039,INC000146,OFF000147,P00015
SERIES0039,INC000147,OFF000148,P00015
SERIES0039,INC000148,OFF000149,P00015
SERIES0039,INC000149,OFF000150,P00015
SERIES0040,INC000150,OFF000151,P00278
SERIES0040,INC000151,OFF000152,P00278
SERIES0040,INC000152,OFF000153,P00278
SERIES0041,INC000153,OFF000154,P00249
SERIES0041,INC000154,OFF000155,P00249
SERIES0041,INC000155,OFF000156,P00249
SERIES0041,INC000156,OFF000157,P00249
SERIES0042,INC000157,OFF000158,P00326
SERIES0042,INC000158,OFF000159,P00326
SERIES0042,INC000159,OFF000160,P00326
SERIES0043,INC000160,OFF000161,P00359
SERIES0043,INC000161,OFF000162,P00359
SERIES0043,INC000162,OFF000163,P00359
SERIES0043,INC000163,OFF000164,P00359
SERIES0044,INC000164,OFF000165,P00050
SERIES0044,INC000165,OFF000166,P00050
SERIES0044,INC000166,OFF000167,P00050
SERIES0045,INC000167,OFF000168,P00294
SERIES0045,INC000168,OFF000169,P00294
SERIES0045,INC000169,OFF000170,P00294
SERIES0045,INC000170,OFF000171,P00294
SERIES0046,INC000171,OFF000172,P00114
SERIES0046,INC000172,OFF000173,P00114
SERIES0047,INC000173,OFF000174,P00392
SERIES0047,INC000174,OFF000175,P00392
SERIES0048,INC000175,OFF000176,P00640
SERIES0048,INC000176,OFF000177,P00640
SERIES0048,INC000177,OFF000178,P00640
SERIES0049,INC000178,OFF000179,P00798
SERIES0049,INC000179,OFF000180,P00798
SERIES0050,INC000180,OFF000181,P00420
SERIES0050,INC000181,OFF000182,P00420
SERIES0051,INC000182,OFF000183,P00503
SERIES0051,INC000183,OFF000184,P00503
SERIES0052,INC000184,OFF000185,P00216
SERIES0052,INC000185,OFF000186,P00216
SERIES0052,INC000186,OFF000187,P00216
SERIES0052,INC000187,OFF000188,P00216
SERIES0052,INC000188,OFF000189,P00216
SERIES0053,INC000189,OFF000190,P00097
SERIES0053,INC000190,OFF000191,P00097
SERIES0053,INC000191,OFF000192,P00097
SERIES0053,INC000192,OFF000193,P00097
SERIES0054,INC000193,OFF000194,P00060
SERIES0054,INC000194,OFF000195,P00060
SERIES0055,INC000195,OFF000196,P00350
SERIES0055,INC000196,OFF000197,P00350
SERIES0055,INC000197,OFF000198,P00350
SERIES0055,INC000198,OFF000199,P00350
SERIES0056,INC000199,OFF000200,P00053
SERIES0056,INC000200,OFF000201,P00053
SERIES0056,INC000201,OFF000202,P00053
SERIES0056,INC000202,OFF000203,P00053
SERIES0056,INC000203,OFF000204,P00053
SERIES0057,INC000204,OFF000205,P00018
SERIES0057,INC000205,OFF000206,P00018
SERIES0058,INC000206,OFF000207,P00409
SERIES0058,INC000207,OFF000208,P00409
SERIES0058,INC000208,OFF000209,P00409
SERIES0058,INC000209,OFF000210,P00409
SERIES0059,INC000210,OFF000211,P00110
SERIES0059,INC000211,OFF000212,P00110
SERIES0059,INC000212,OFF000213,P00110
SERIES0059,INC000213,OFF000214,P00110
SERIES0059,INC000214,OFF000215,P00110
SERIES0060,INC000215,OFF000216,P00708
SERIES0060,INC000216,OFF000217,P00708
SERIES0061,INC000217,OFF000218,P00159
SERIES0061,INC000218,OFF000219,P00159
SERIES0061,INC000219,OFF000220,P00159
SERIES0062,INC000220,OFF000221,P00598
SERIES0062,INC000221,OFF000222,P00598
SERIES0062,INC000222,OFF000223,P00598
SERIES0063,INC000223,OFF000224,P00012
SERIES0063,INC000224,OFF000225,P00012
SERIES0063,INC000225,OFF000226,P00012
SERIES0063,INC000226,OFF000227,P00012
SERIES0064,INC000227,OFF000228,P00213
SERIES0064,INC000228,OFF000229,P00213
SERIES0064,INC000229,OFF000230,P00213
SERIES0064,INC000230,OFF000231,P00213
SERIES0064,INC000231,OFF000232,P00213
SERIES0065,INC000232,OFF000233,P00675
SERIES0065,INC000233,OFF000234,P00675
SERIES0065,INC000234,OFF000235,P00675
SERIES0065,INC000235,OFF000236,P00675
SERIES0065,INC000236,OFF000237,P00675
SERIES0066,INC000237,OFF000238,P00293
SERIES0066,INC000238,OFF000239,P00293
SERIES0066,INC000239,OFF000240,P00293
SERIES0066,INC000240,OFF000241,P00293
SERIES0066,INC000241,OFF000242,P00293
SERIES0067,INC000242,OFF000243,P00028
SERIES0067,INC000243,OFF000244,P00028
SERIES0067,INC000244,OFF000245,P00028
SERIES0068,INC000245,OFF000246,P00024
SERIES0068,INC000246,OFF000247,P00024
SERIES0069,INC000247,OFF000248,P00776
SERIES0069,INC000248,OFF000249,P00776
SERIES0069,INC000249,OFF000250,P00776
SERIES0069,INC000250,OFF000251,P00776
SERIES0070,INC000251,OFF000252,P00666
SERIES0070,INC000252,OFF000253,P00666
SERIES0070,INC000253,OFF000254,P00666
SERIES0071,INC000254,OFF000255,P00445
SERIES0071,INC000255,OFF000256,P00445
SERIES0071,INC000256,OFF000257,P00445
SERIES0072,INC000257,OFF000258,P00298
SERIES0072,INC000258,OFF000259,P00298
SERIES0073,INC000259,OFF000260,P00555
SERIES0073,INC000260,OFF000261,P00555
SERIES0074,INC000261,OFF000262,P00013
SERIES0074,INC000262,OFF000263,P00013
SERIES0074,INC000263,OFF000264,P00013
SERIES0074,INC000264,OFF000265,P00013
SERIES0075,INC000265,OFF000266,P00642
SERIES0075,INC000266,OFF000267,P00642
SERIES0075,INC000267,OFF000268,P00642
SERIES0075,INC000268,OFF000269,P00642
SERIES0075,INC000269,OFF000270,P00642
SERIES0076,INC000270,OFF000271,P00154
SERIES0076,INC000271,OFF000272,P00154
SERIES0077,INC000272,OFF000273,P00066
SERIES0077,INC000273,OFF000274,P00066
SERIES0078,INC000274,OFF000275,P00017
SERIES0078,INC000275,OFF000276,P00017
SERIES0079,INC000276,OFF000277,P00786
SERIES0079,INC000277,OFF000278,P00786
SERIES0079,INC000278,OFF000279,P00786
SERIES0079,INC000279,OFF000280,P00786
SERIES0079,INC000280,OFF000281,P00786
SERIES0080,INC000281,OFF000282,P00223
SERIES0080,INC000282,OFF000283,P00223
SERIES0080,INC000283,OFF000284,P00223
SERIES0081,INC000284,OFF000285,P00706
SERIES0081,INC000285,OFF000286,P00706
SERIES0081,INC000286,OFF000287,P00706
SERIES0081,INC000287,OFF000288,P00706
SERIES0081,INC000288,OFF000289,P00706
SERIES0082,INC000289,OFF000290,P00299
SERIES0082,INC000290,OFF000291,P00299
SERIES0083,INC000291,OFF000292,P00109
SERIES0083,INC000292,OFF000293,P00109
SERIES0084,INC000293,OFF000294,P00693
SERIES0084,INC000294,OFF000295,P00693
SERIES0085,INC000295,OFF000296,P00659
SERIES0085,INC000296,OFF000297,P00659
SERIES0085,INC000297,OFF000298,P00659
SERIES0085,INC000298,OFF000299,P00659
SERIES0085,INC000299,OFF000300,P00659
SERIES0086,INC000300,OFF000301,P00203
SERIES0086,INC000301,OFF000302,P00203
SERIES0087,INC000302,OFF000303,P00391
SERIES0087,INC000303,OFF000304,P00391
SERIES0088,INC000304,OFF000305,P00572
SERIES0088,INC000305,OFF000306,P00572
SERIES0089,INC000306,OFF000307,P00186
SERIES0089,INC000307,OFF000308,P00186
SERIES0090,INC000308,OFF000309,P00694
SERIES0090,INC000309,OFF000310,P00694
SERIES0090,INC000310,OFF000311,P00694
SERIES0091,INC000311,OFF000312,P00400
SERIES0091,INC000312,OFF000313,P00400
SERIES0091,INC000313,OFF000314,P00400
SERIES0092,INC000314,OFF000315,P00742
SERIES0092,INC000315,OFF000316,P00742
SERIES0092,INC000316,OFF000317,P00742
SERIES0093,INC000317,OFF000318,P00192
SERIES0093,INC000318,OFF000319,P00192
SERIES0093,INC000319,OFF000320,P00192
SERIES0093,INC000320,OFF000321,P00192
SERIES0093,INC000321,OFF000322,P00192
SERIES0094,INC000322,OFF000323,P00492
SERIES0094,INC000323,OFF000324,P00492
SERIES0094,INC000324,OFF000325,P00492
SERIES0095,INC000325,OFF000326,P00118
SERIES0095,INC000326,OFF000327,P00118
SERIES0096,INC000327,OFF000328,P00787
SERIES0096,INC000328,OFF000329,P00787
SERIES0096,INC000329,OFF000330,P00787
SERIES0097,INC000330,OFF000331,P00218
SERIES0097,INC000331,OFF000332,P00218
SERIES0098,INC000332,OFF000333,P00794
SERIES0098,INC000333,OFF000334,P00794
SERIES0098,INC000334,OFF000335,P00794
SERIES0098,INC000335,OFF000336,P00794
SERIES0099,INC000336,OFF000337,P00709
SERIES0099,INC000337,OFF000338,P00709
SERIES0099,INC000338,OFF000339,P00709
SERIES0100,INC000339,OFF000340,P00548
SERIES0100,INC000340,OFF000341,P00548
SERIES0101,INC000341,OFF000342,P00451
SERIES0101,INC000342,OFF000343,P00451
SERIES0101,INC000343,OFF000344,P00451
SERIES0101,INC000344,OFF000345,P00451
SERIES0102,INC000345,OFF000346,P00711
SERIES0102,INC000346,OFF000347,P00711
SERIES0102,INC000347,OFF000348,P00711
SERIES0102,INC000348,OFF000349,P00711
SERIES0102,INC000349,OFF000350,P00711
SERIES0103,INC000350,OFF000351,P00774
SERIES0103,INC000351,OFF000352,P00774
SERIES0104,INC000352,OFF000353,P00612
SERIES0104,INC000353,OFF000354,P00612
SERIES0104,INC000354,OFF000355,P00612
SERIES0104,INC000355,OFF000356,P00612
SERIES0105,INC000356,OFF000357,P00667
SERIES0105,INC000357,OFF000358,P00667
SERIES0105,INC000358,OFF000359,P00667
SERIES0106,INC000359,OFF000360,P00770
SERIES0106,INC000360,OFF000361,P00770
SERIES0106,INC000361,OFF000362,P00770
SERIES0107,INC000362,OFF000363,P00731
SERIES0107,INC000363,OFF000364,P00731
SERIES0107,INC000364,OFF000365,P00731
SERIES0108,INC000365,OFF000366,P00348
SERIES0108,INC000366,OFF000367,P00348
SERIES0108,INC000367,OFF000368,P00348
SERIES0109,INC000368,OFF000369,P00619
SERIES0109,INC000369,OFF000370,P00619
SERIES0109,INC000370,OFF000371,P00619
SERIES0109,INC000371,OFF000372,P00619
SERIES0110,INC000372,OFF000373,P00264
SERIES0110,INC000373,OFF000374,P00264
SERIES0110,INC000374,OFF000375,P00264
SERIES0110,INC000375,OFF000376,P00264
SERIES0111,INC000376,OFF000377,P00137
SERIES0111,INC000377,OFF000378,P00137
SERIES0111,INC000378,OFF000379,P00137
SERIES0111,INC000379,OFF000380,P00137
SERIES0112,INC000380,OFF000381,P00360
SERIES0112,INC000381,OFF000382,P00360
SERIES0112,INC000382,OFF000383,P00360
SERIES0112,INC000383,OFF000384,P00360
SERIES0112,INC000384,OFF000385,P00360
SERIES0113,INC000385,OFF000386,P00434
SERIES0113,INC000386,OFF000387,P00434
SERIES0113,INC000387,OFF000388,P00434
SERIES0113,INC000388,OFF000389,P00434
SERIES0113,INC000389,OFF000390,P00434
SERIES0114,INC000390,OFF000391,P00765
SERIES0114,INC000391,OFF000392,P00765
SERIES0114,INC000392,OFF000393,P00765
SERIES0114,INC000393,OFF000394,P00765
SERIES0114,INC000394,OFF000395,P00765
SERIES0115,INC000395,OFF000396,P00489
SERIES0115,INC000396,OFF000397,P00489
SERIES0115,INC000397,OFF000398,P00489
SERIES0115,INC000398,OFF000399,P00489
SERIES0115,INC000399,OFF000400,P00489
SERIES0116,INC000400,OFF000401,P00669
SERIES0116,INC000401,OFF000402,P00669
SERIES0116,INC000402,OFF000403,P00669
SERIES0116,INC000403,OFF000404,P00669
SERIES0116,INC000404,OFF000405,P00669
SERIES0117,INC000405,OFF000406,P00161
SERIES0117,INC000406,OFF000407,P00161
SERIES0117,INC000407,OFF000408,P00161
SERIES0117,INC000408,OFF000409,P00161
SERIES0118,INC000409,OFF000410,P00108
SERIES0118,INC000410,OFF000411,P00108
SERIES0118,INC000411,OFF000412,P00108
SERIES0119,INC000412,OFF000413,P00202
SERIES0119,INC000413,OFF000414,P00202
SERIES0120,INC000414,OFF000415,P00008
SERIES0120,INC000415,OFF000416,P00008
SERIES0120,INC000416,OFF000417,P00008
SERIES0121,INC000417,OFF000418,P00256
SERIES0121,INC000418,OFF000419,P00256
SERIES0121,INC000419,OFF000420,P00256
SERIES0122,INC000420,OFF000421,P00317
SERIES0122,INC000421,OFF000422,P00317
SERIES0123,INC000422,OFF000423,P00677
SERIES0123,INC000423,OFF000424,P00677
SERIES0123,INC000424,OFF000425,P00677
SERIES0123,INC000425,OFF000426,P00677
SERIES0123,INC000426,OFF000427,P00677
SERIES0124,INC000427,OFF000428,P00181
SERIES0124,INC000428,OFF000429,P00181
SERIES0124,INC000429,OFF000430,P00181
SERIES0124,INC000430,OFF000431,P00181
SERIES0124,INC000431,OFF000432,P00181
SERIES0125,INC000432,OFF000433,P00171
SERIES0125,INC000433,OFF000434,P00171
SERIES0125,INC000434,OFF000435,P00171
SERIES0125,INC000435,OFF000436,P00171
SERIES0125,INC000436,OFF000437,P00171
SERIES0126,INC000437,OFF000438,P00527
SERIES0126,INC000438,OFF000439,P00527
SERIES0126,INC000439,OFF000440,P00527
SERIES0126,INC000440,OFF000441,P00527
SERIES0126,INC000441,OFF000442,P00527
SERIES0127,INC000442,OFF000443,P00482
SERIES0127,INC000443,OFF000444,P00482
SERIES0127,INC000444,OFF000445,P00482
SERIES0127,INC000445,OFF000446,P00482
SERIES0127,INC000446,OFF000447,P00482
SERIES0128,INC000447,OFF000448,P00328
SERIES0128,INC000448,OFF000449,P00328
SERIES0128,INC000449,OFF000450,P00328
SERIES0128,INC000450,OFF000451,P00328
SERIES0129,INC000451,OFF000452,P00626
SERIES0129,INC000452,OFF000453,P00626
SERIES0130,INC000453,OFF000454,P00063
SERIES0130,INC000454,OFF000455,P00063
SERIES0130,INC000455,OFF000456,P00063
