person_id,name,age,sex,district_id,address_text
P00001,Amaira Maharaj,47,F,kodagu,"181, Sami, Ludhiana-338908"
P00002,Shaurya Kannan,30,M,vijayanagara,"H.No. 265, Dugal Road, Naihati-161559"
P00003,Anthony Sharaf,54,M,raichur,"H.No. 849, Handa Path, Ranchi 413164"
P00004,Qabil Gaba,44,M,dharwad,"419, Walla Street, Ujjain 648350"
P00005,Amol Mutti,48,M,ballari,"H.No. 395, Tata Ganj, Berhampore-423884"
P00006,Sudiksha Pathak,42,F,raichur,"71/01, Dutta Street, Kavali-669784"
P00007,Dakshesh Yadav,49,M,mysuru,"H.No. 462, Aggarwal Chowk, Orai 814893"
P00008,Rachit Edwin,26,M,yadgir,"01, Mohanty Path, Howrah 911718"
P00009,Devansh Soman,24,M,kalaburagi,"96/38, Muni Ganj, Dindigul-871331"
P00010,Aishani Karpe,24,F,uttara_kannada,"H.No. 031, Narayanan Nagar, Kottayam-473829"
P00011,Keya Solanki,18,F,kalaburagi,"H.No. 165, Roy Marg, Meerut-065133"
P00012,Udarsh Dey,44,M,ramanagara,"H.No. 73, Savant Zila, Dhanbad-132677"
P00013,Sai Bhargava,22,M,uttara_kannada,"H.No. 647, Sampath Road, Bhatpara-430980"
P00014,Ayush Bedi,39,M,haveri,"H.No. 812, Bir Zila, Sambhal-939909"
P00015,Ubika Virk,23,F,koppal,"534, Deep Marg, Berhampore 107991"
P00016,Hredhaan Toor,52,M,uttara_kannada,"H.No. 13, Mane Path, Bahraich 980841"
P00017,Kevin D’Alia,49,M,dharwad,"H.No. 49, Oza Ganj, Bilaspur 401640"
P00018,Ojas De,22,M,uttara_kannada,"78/680, Borra Zila, Bongaigaon 598262"
P00019,Mitesh Patla,32,M,chikballapur,"315, Ray Circle, Patiala 260256"
P00020,Kiaan Dutta,45,M,ramanagara,"H.No. 733, Palla Chowk, Ambattur 036541"
P00021,Parth Upadhyay,46,M,bengaluru_rural,"H.No. 142, Lanka, Moradabad-556981"
P00022,Girish Kumar,19,M,bidar,"H.No. 883, Sankar Path, Bathinda 148465"
P00023,Manbir Datta,21,M,ballari,"62/994, Acharya Marg, Baranagar-699577"
P00024,Hredhaan Vaidya,41,M,chitradurga,"14/895, Keer Zila, Kamarhati-200379"
P00025,Vedant Sachdeva,33,M,gadag,"63, Ahluwalia Street, Khandwa-287083"
P00026,Vasatika Deol,54,F,kalaburagi,"98, Sehgal Marg, Fatehpur-434873"
P00027,Thomas Brahmbhatt,28,M,mysuru,"H.No. 55, Buch Circle, Saharanpur 623166"
P00028,Viraj Sagar,42,M,bidar,"69, Rai Nagar, Chennai 466889"
P00029,Yagnesh Kanda,49,M,koppal,"06, Ravel Path, Bhind 980699"
P00030,Benjamin Sangha,32,M,vijayanagara,"046, Kakar Path, Khammam-646417"
P00031,Atharv Palla,47,M,hassan,"00/330, Dua, Cuttack-193745"
P00032,Dakshesh Gade,47,M,chikkamagaluru,"04/96, Issac Marg, Guntakal 149190"
P00033,Tanish Prabhakar,52,M,vijayapura,"H.No. 671, Pathak Marg, Jamnagar 284987"
P00034,Tejas Loyal,46,M,bidar,"H.No. 473, Raghavan Chowk, Bhopal 527354"
P00035,Logan Majumdar,55,M,yadgir,"H.No. 367, Khosla Circle, Pallavaram 014363"
P00036,Raksha Solanki,34,F,chitradurga,"85/574, Krishnamurthy Road, Jamshedpur 518233"
P00037,Lakshit Vohra,30,M,hassan,"435, Mittal Street, Deoghar 400842"
P00038,Dalaja Arora,24,F,dharwad,"75, Behl Street, Morena 167190"
P00039,Falguni Modi,54,F,chikballapur,"H.No. 869, Kara, Hospet 496499"
P00040,Chandran Johal,36,M,davanagere,"12/328, Dugar Zila, Alappuzha-974034"
P00041,Vasana Bobal,35,F,bagalkot,"93/618, Dixit Ganj, Ajmer-024994"
P00042,David Sidhu,49,M,bagalkot,"H.No. 88, Sarma Chowk, Khora  659401"
P00043,Advaith Luthra,32,M,udupi,"87, Golla Road, Pallavaram 756551"
P00044,Nitesh Sabharwal,32,M,koppal,"68/071, Krishnan Path, Bhiwandi-808760"
P00045,Pratyush Tara,34,M,mandya,"482, Sarma Road, Bhilai-932480"
P00046,Chakradhar Kar,24,M,mysuru,"H.No. 274, Mahajan Circle, Karawal Nagar 378263"
P00047,Bakhshi Majumdar,37,M,vijayapura,"40/44, Suri, Amroha-558867"
P00048,Ijaya Khare,20,F,tumakuru,"05, Raj Chowk, Saharanpur-028951"
P00049,Chandresh Vora,26,M,kolar,"26/217, Nigam Road, Jodhpur-865780"
P00050,Jacob Mani,38,M,belagavi,"11, Ganesan Chowk, Bhopal-504556"
P00051,Krisha Wali,29,F,ramanagara,"219, Khosla Marg, Ballia-374740"
P00052,Maanas Dugar,52,M,chamarajanagar,"H.No. 94, Krishna Marg, Barasat 671369"
P00053,Manbir Merchant,51,M,vijayapura,"H.No. 09, Taneja Nagar, Berhampur 339421"
P00054,Mohammed Sastry,28,M,kalaburagi,"21/456, Iyer Street, Panvel 884247"
P00055,Pallavi Contractor,36,F,chikkamagaluru,"368, Chana Path, Kanpur-817549"
P00056,Quincy Chokshi,25,M,ramanagara,"H.No. 985, Kant, Madhyamgram-612004"
P00057,Dalbir Chatterjee,27,M,hassan,"75, Saini Circle, Vijayanagaram-796405"
P00058,Tristan Saxena,43,M,shivamogga,"H.No. 585, Rao Nagar, Jhansi-713900"
P00059,Jairaj Dass,23,M,yadgir,"39/33, Divan Path, Bally-284210"
P00060,Advika Parmar,18,F,tumakuru,"H.No. 240, Sama Street, Rajkot-758917"
P00061,Anthony Verma,47,M,chikkamagaluru,"00/766, Swaminathan Zila, Srinagar 592124"
P00062,Rayaan Wali,55,M,davanagere,"96/11, Kale Circle, Bidhannagar 657661"
P00063,Tanay Munshi,24,M,dharwad,"711, Chander Zila, Jalandhar 280988"
P00064,Darsh Roy,48,M,mysuru,"04/945, Tripathi Zila, Bhatpara 315851"
P00065,Isaiah Sanghvi,32,M,bagalkot,"H.No. 244, Panchal Path, Bokaro 961201"
P00066,Raghav Saini,47,M,mandya,"545, Chad, Bhatpara-901476"
P00067,Timothy Sachdeva,44,M,vijayanagara,"15/61, Sur Road, Ranchi 690034"
P00068,Ekapad Kumer,20,M,bengaluru_rural,"H.No. 076, Dayal Street, Katihar 885160"
P00069,Aditya Sharaf,37,M,yadgir,"69/66, Contractor Road, Jaipur 297516"
P00070,Jairaj Sarin,24,M,haveri,"45, Nath Ganj, Solapur-883552"
P00071,Charan Dhingra,42,M,chikballapur,"921, Tak Street, Phusro 995527"
P00072,Wahab Sathe,52,M,hassan,"05/81, Shenoy Road, Agra 541199"
P00073,Vihaan Barman,44,M,gadag,"H.No. 97, Dora Circle, Hospet-518203"
P00074,Theodore Viswanathan,49,M,mandya,"H.No. 46, Nigam Marg, Thanjavur-518644"
P00075,Osha Bumb,35,F,koppal,"H.No. 62, Chad, Karaikudi-528168"
P00076,Aditya Patil,31,M,ballari,"573, Devan Ganj, Solapur 188805"
P00077,Riya Dube,33,F,hassan,"92/706, Khanna Path, Phagwara-738347"
P00078,Qarin Sastry,24,M,uttara_kannada,"88, Edwin Marg, Mahbubnagar-407581"
P00079,Lucky Chacko,52,M,mysuru,"82, Chand Marg, Hospet-060685"
P00080,Reyansh Bumb,21,M,vijayapura,"H.No. 515, Devan Street, Baranagar 277901"
P00081,Kabir Kale,30,M,dharwad,"H.No. 434, Batta Zila, Gurgaon-117980"
P00082,Ekbal Manne,47,M,yadgir,"53/96, Chada Street, Jabalpur-670654"
P00083,Pranav Bir,19,M,belagavi,"19/520, Nigam Path, Madhyamgram 221704"
P00084,Anthony Iyengar,33,M,ballari,"H.No. 86, Solanki Circle, Vadodara 450541"
P00085,Tejas Ratta,22,M,bengaluru_urban,"H.No. 27, Pillai Chowk, Gwalior-169284"
P00086,Charan Buch,55,M,udupi,"H.No. 79, Ganesan Marg, Etawah 059640"
P00087,Samaksh Patla,39,M,chamarajanagar,"970, Bhavsar Street, Ambarnath-690927"
P00088,Quincy Sawhney,18,M,shivamogga,"56/54, Comar Ganj, Gaya 868144"
P00089,Hredhaan Mangal,26,M,chikkamagaluru,"H.No. 217, Saxena Street, Imphal-188442"
P00090,Pratyush Trivedi,29,M,kodagu,"237, Patel Nagar, Bhind-911467"
P00091,Samarth Borah,26,M,bengaluru_rural,"17/785, Gopal Street, Bhiwani-182422"
P00092,Isaiah Pal,33,M,bagalkot,"H.No. 38, Dass Road, Srikakulam 829922"
P00093,Ansh Balakrishnan,19,M,kolar,"94/396, Balasubramanian, Bongaigaon 473647"
P00094,Ayushman Dugar,21,M,bidar,"73, Dhawan Path, Imphal-625881"
P00095,Kavya Shukla,51,F,bengaluru_urban,"32, Bedi Zila, Yamunanagar 325953"
P00096,Zaid Varma,48,M,bengaluru_rural,"H.No. 70, Ramaswamy Zila, New Delhi-950047"
P00097,Luke Yadav,50,M,hassan,"24, Rau Path, Ranchi 098358"
P00098,Balhaar Raju,46,M,kolar,"91/21, Prakash Marg, Proddatur-239868"
P00099,Arin Barad,20,M,kalaburagi,"87, Varma Street, Khammam-269495"
P00100,Mason Soman,47,M,ramanagara,"H.No. 16, Morar, Kavali 499309"
P00101,Frederick Viswanathan,21,M,mandya,"30/913, Sastry Nagar, Gurgaon-636897"
P00102,Ekantika Venkataraman,45,F,haveri,"78/652, Walia Chowk, Bongaigaon-497334"
P00103,Isaiah Mishra,49,M,mysuru,"75/758, Mani Road, Chapra 652404"
P00104,Prisha Sathe,22,F,raichur,"384, Magar Circle, Moradabad 308330"
P00105,Samuel Narayanan,38,M,vijayapura,"20/826, Sood Chowk, Tumkur-401938"
P00106,Gagan Sahni,22,M,koppal,"72, Barad Road, Bihar Sharif-547887"
P00107,Zayyan Sidhu,55,M,bengaluru_urban,"H.No. 527, Grewal Road, Naihati 932966"
P00108,Caleb Rattan,42,M,kodagu,"753, Lal Nagar, Noida 454990"
P00109,Pranit Keer,47,M,koppal,"42, Thakkar Marg, Kochi 593327"
P00110,Vasana Prakash,24,F,kalaburagi,"33/91, Sekhon Circle, Solapur-088398"
P00111,Fitan Narang,53,M,tumakuru,"39/718, Bhakta Chowk, Mira-Bhayandar-790874"
P00112,Rudra Kumar,45,M,ramanagara,"10/65, Bhasin Zila, Chittoor 462265"
P00113,Udarsh Purohit,44,M,hassan,"82/512, Ramaswamy Circle, Rajahmundry-047868"
P00114,Jyoti Kota,43,F,dakshina_kannada,"431, Saini Nagar, New Delhi-119079"
P00115,Jason Basu,38,M,gadag,"830, Thakur Street, Muzaffarpur-995342"
P00116,Samuel Mital,34,M,gadag,"92/68, Batta Chowk, Eluru 662462"
P00117,Jai Kar,48,M,davanagere,"08, Saha Marg, Munger 435175"
P00118,Girish Behl,23,M,belagavi,"99/013, Kalla, Dhule 403317"
P00119,Ishani Ranganathan,24,F,belagavi,"H.No. 67, Parmer Circle, Bhilwara-877175"
P00120,Qasim Munshi,26,M,ramanagara,"32/04, Sahni Circle, Jamnagar-536937"
P00121,Kabir Suresh,55,M,kodagu,"522, Suresh Circle, Hosur-801006"
P00122,Jack Bir,25,M,yadgir,"875, Subramanian Nagar, Pune-886008"
P00123,Luke Badal,45,M,gadag,"H.No. 182, Handa Ganj, Raichur-615679"
P00124,Isaiah Mital,36,M,uttara_kannada,"H.No. 666, Soni Circle, Bangalore 176591"
P00125,Ishwar Kakar,40,M,koppal,"H.No. 148, Bali, Satna-392614"
P00126,Jai Ramachandran,27,M,bengaluru_rural,"21/850, Sarkar Zila, Aurangabad 999650"
P00127,Varenya Swaminathan,32,F,mysuru,"66/29, Chada Marg, Shahjahanpur-142626"
P00128,Pranit Chhabra,40,M,uttara_kannada,"H.No. 75, Chaudry Road, Chandigarh 678886"
P00129,Agastya Chakraborty,25,M,uttara_kannada,"95/60, Sachdev Road, Guwahati 982622"
P00130,Matthew Loyal,54,M,shivamogga,"H.No. 264, Mistry Marg, Solapur-437993"
P00131,Damyanti Deshmukh,53,F,chikballapur,"59, Narayan Marg, Thanjavur 924593"
P00132,Naksh Goel,35,M,shivamogga,"H.No. 79, Nanda Ganj, Parbhani-519398"
P00133,Agastya Shenoy,35,M,bagalkot,"H.No. 16, Dewan Chowk, New Delhi-266179"
P00134,Sai Warrior,39,M,raichur,"H.No. 89, Chopra Zila, Raichur-909656"
P00135,Abdul Chaudhari,29,M,davanagere,"88/99, Sehgal Ganj, Katni 982507"
P00136,Manbir Sagar,54,M,uttara_kannada,"25/457, Verma Ganj, Karnal 177514"
P00137,Deepa Bajaj,22,F,mysuru,"23/828, Narayanan Street, Surendranagar Dudhrej 622660"
P00138,Umang Sanghvi,23,M,bengaluru_urban,"33/419, Yadav Zila, Ambarnath-371478"
P00139,Rishi Ramanathan,42,M,ramanagara,"H.No. 79, Mishra Street, Guntur 134125"
P00140,Yashodhara Rama,39,F,gadag,"66/27, Ghose Circle, Unnao-225790"
P00141,Aayush Sundaram,37,M,bidar,"88, Rege Chowk, Vijayanagaram-721903"
P00142,Amol Maharaj,54,M,ramanagara,"797, Vaidya Circle, Chapra-485807"
P00143,Simon Chaudry,21,M,koppal,"H.No. 745, Sarna Zila, Patiala-959629"
P00144,Harshil Jhaveri,21,M,bengaluru_urban,"49/82, Master Path, Chapra 812604"
P00145,Dominic Krish,35,M,mysuru,"672, Luthra, Gandhinagar-116845"
P00146,Widisha Narang,49,F,hassan,"75/186, Sanghvi Ganj, Shimla 545892"
P00147,Pavani Bava,44,F,koppal,"70/127, Acharya Chowk, Panihati 424154"
P00148,Quincy Gandhi,50,M,chikkamagaluru,"43/611, Kala Nagar, Solapur 938700"
P00149,Darpan Sami,45,M,bengaluru_rural,"H.No. 361, Chauhan Zila, Arrah-262218"
P00150,Fitan Sarraf,55,M,bengaluru_rural,"26/973, Chaudhry Zila, Amravati 565234"
P00151,Jeet Mane,20,M,haveri,"898, Ramanathan Ganj, Meerut 761379"
P00152,Zarna Arora,21,F,chikballapur,"696, Gera Path, Srinagar 910430"
P00153,Rushil Toor,37,M,bagalkot,"61, Yogi Circle, Alwar 418328"
P00154,Rohan Bhatti,26,M,yadgir,"30/316, Setty Zila, Tirupati 102027"
P00155,Kai Ganesan,36,M,shivamogga,"41/056, Viswanathan Road, Firozabad 778507"
P00156,Qarin Dugar,18,M,dakshina_kannada,"13/80, Arora Nagar, Ranchi 562208"
P00157,Jasmit Nagy,29,F,haveri,"54/195, Thakkar Zila, Mangalore-806174"
P00158,Omisha Chadha,52,F,bengaluru_urban,"H.No. 34, Modi, Madhyamgram-973832"
P00159,Samarth Bajwa,50,M,raichur,"05/064, Jha Zila, Gurgaon-024103"
P00160,Quincy Shanker,22,M,kodagu,"26/19, Bhatia, Bikaner 445655"
P00161,Laban Kaur,45,M,dharwad,"912, Gala Zila, Kirari Suleman Nagar 618537"
P00162,Vedika Lanka,22,F,bagalkot,"490, Narang Ganj, Mysore 568044"
P00163,Alexander Ravel,54,M,uttara_kannada,"H.No. 712, Arora Zila, Korba-365199"
P00164,Bishakha Bains,44,F,gadag,"72/151, Shenoy Nagar, Gulbarga 670662"
P00165,Hredhaan Grover,43,M,chitradurga,"20, Korpal, Panchkula 870146"
P00166,Shaurya Iyengar,28,M,bagalkot,"57, Sundaram Circle, Buxar-642059"
P00167,Amruta Mand,41,F,tumakuru,"59/32, Kota Zila, Shimoga 396522"
P00168,Nitara Parmer,24,F,belagavi,"92/93, More Chowk, Pallavaram 103930"
P00169,Aachal Narula,55,F,chikballapur,"H.No. 25, Bains Nagar, Dharmavaram-185156"
P00170,Om Mittal,43,M,dharwad,"675, Parikh Street, Giridih 644220"
P00171,Amol Gopal,39,M,uttara_kannada,"91/725, Khanna Zila, Imphal 157043"
P00172,Bahadurjit Palla,28,M,chikballapur,"00/676, Sachdev Street, Burhanpur 861793"
P00173,Upkaar Borah,51,M,belagavi,"H.No. 541, Oommen Zila, Gandhinagar 181599"
P00174,Alexander Sankar,40,M,kalaburagi,"015, Gupta Ganj, Begusarai-443106"
P00175,Faraj Bhagat,33,M,davanagere,"14, Srinivasan, Jalandhar 324171"
P00176,Rushil Sinha,34,M,bengaluru_rural,"H.No. 862, Raj Path, Gaya-047743"
P00177,Azaan Dora,27,M,chamarajanagar,"58/693, Bhat Circle, Nagaon 879374"
P00178,Rudra Banerjee,29,M,shivamogga,"22, Hans Ganj, Kalyan-Dombivli-163294"
P00179,Bhavna Chahal,47,F,yadgir,"54/87, Virk Nagar, Gorakhpur-229991"
P00180,Daksha Mangal,54,F,shivamogga,"H.No. 67, Solanki, Malegaon 629960"
P00181,Noah Khanna,38,M,mandya,"H.No. 50, Mitter Path, Parbhani 132475"
P00182,Turvi Chakraborty,22,F,bengaluru_urban,"678, Bhalla Path, Amritsar-862890"
P00183,Inaya Iyer,37,F,haveri,"H.No. 705, Mahal Ganj, Madhyamgram 103579"
P00184,Gaurang Som,55,M,tumakuru,"414, Raju Nagar, Ujjain 333468"
P00185,Aayush Som,50,M,ballari,"03/49, Maharaj Road, Gandhinagar-743748"
P00186,Charan Amble,47,M,belagavi,"H.No. 17, Nayar Zila, Anantapur 443283"
P00187,Saksham Nagarajan,21,M,hassan,"74/466, Banik Marg, Tiruvottiyur-875842"
P00188,Manan Chatterjee,22,M,davanagere,"48/251, Pant Ganj, Aizawl-554947"
P00189,Wahab Bera,50,M,mandya,"816, Misra Circle, Meerut 235697"
P00190,Nisha Gole,55,F,dharwad,"H.No. 25, Agrawal Nagar, Panipat 292712"
P00191,Tanish Raval,46,M,kodagu,"00, Iyengar Circle, Kanpur-830033"
P00192,Nachiket Dayal,38,M,vijayanagara,"94/21, Misra Nagar, Sirsa 625753"
P00193,Tamanna Bahl,50,F,koppal,"23/098, Dasgupta Street, Agra-489090"
P00194,Advaith Bava,46,M,bengaluru_urban,"61, Krishnan Circle, Jamnagar 046184"
P00195,Shaurya Cheema,23,M,bengaluru_rural,"H.No. 173, Iyengar, Nagaon 564208"
P00196,Hemang Srivastava,20,M,kalaburagi,"H.No. 011, Tak, Mysore 143744"
P00197,Arya Chaudhry,46,F,chikballapur,"H.No. 55, D’Alia Marg, Ranchi-225579"
P00198,Chakradhar Pradhan,41,M,kalaburagi,"H.No. 667, Rajan Road, Bidar 120216"
P00199,Theodore Golla,42,M,davanagere,"02/77, Sabharwal Zila, Ranchi-450899"
P00200,Omkaar Venkataraman,21,M,gadag,"37/562, Bhagat Circle, Sangli-Miraj & Kupwad 721753"
P00201,Liam Bedi,22,M,tumakuru,"31, Sawhney Chowk, Hubli–Dharwad-751701"
P00202,Samuel Banik,53,M,dakshina_kannada,"94/88, Shan Ganj, Bharatpur 375899"
P00203,Rajata Sethi,36,F,mysuru,"30/554, Vig Circle, Aligarh 272614"
P00204,Girindra Dara,39,M,chikkamagaluru,"35, Sachdeva Zila, Giridih-779827"
P00205,Arjun Sant,40,M,belagavi,"92/216, Nagy, Gurgaon-465472"
P00206,Triveni Vala,26,F,chitradurga,"83/339, Pai Road, Mangalore 158799"
P00207,Luke Sami,37,M,koppal,"H.No. 620, Iyengar Nagar, Nanded 420438"
P00208,Rachita Sethi,39,F,kodagu,"86/384, Raj Nagar, Erode 800439"
P00209,Isaiah Pillai,51,M,udupi,"H.No. 72, Grover Zila, Kottayam-606484"
P00210,Gaurika Kumer,50,F,belagavi,"20, Naidu Street, Tadepalligudem 798515"
P00211,George Verma,41,M,davanagere,"88, Chanda Marg, Korba 555439"
P00212,Aayush Contractor,31,M,chitradurga,"993, Nagi Nagar, Raipur 484085"
P00213,Widisha Bassi,30,F,dakshina_kannada,"H.No. 81, Ganesh Zila, Amritsar 361386"
P00214,Faraj Bajwa,27,M,chikballapur,"H.No. 110, Krishnamurthy Street, Ramgarh-466766"
P00215,Abhiram Ramachandran,24,M,belagavi,"91/901, Thakkar Path, Ramagundam 914766"
P00216,Warjas Dugar,39,M,kalaburagi,"68/424, Apte Path, Amravati-099688"
P00217,Michael Kade,42,M,vijayapura,"82, Gour Street, Tadepalligudem 312908"
P00218,Balhaar Mannan,29,M,bengaluru_urban,"H.No. 397, Parikh Path, Noida 491357"
P00219,Nitesh Mohan,46,M,udupi,"H.No. 62, Munshi Nagar, Korba-452577"
P00220,Rachita Mody,41,F,ballari,"914, Yohannan Street, Firozabad-108099"
P00221,Hitesh Bansal,46,M,mysuru,"25/639, Desai Road, Orai 658039"
P00222,Ekaraj Sehgal,46,M,koppal,"92/75, Kanda Nagar, Ahmednagar-453038"
P00223,Rishi Singh,37,M,chikballapur,"H.No. 518, Lall Road, Gandhinagar-591846"
P00224,Yauvani Ravi,30,F,yadgir,"79, Thaker Nagar, Gandhidham 318432"
P00225,Gaurangi Pathak,47,F,davanagere,"51, Srinivas Chowk, Bhagalpur 603029"
P00226,Ekalinga Vala,42,M,shivamogga,"H.No. 242, Ravi Circle, Anantapuram 379772"
P00227,Tripti Dhar,28,F,kalaburagi,"579, Biswas, Burhanpur-210388"
P00228,Falan Char,26,M,udupi,"90/88, Chander Zila, Bikaner-686508"
P00229,Ishwar Subramaniam,21,M,uttara_kannada,"91/62, Sood Road, Gwalior-986430"
P00230,Yutika Dalal,41,F,mandya,"35/651, Sandhu Street, Bhilwara 959463"
P00231,Wyatt Gola,51,M,kodagu,"H.No. 49, Rao Path, Kochi 721386"
P00232,Atharv Dyal,36,M,uttara_kannada,"H.No. 279, Chakrabarti Marg, Firozabad-519066"
P00233,Ayush Gill,35,M,belagavi,"H.No. 384, Bandi Ganj, Srikakulam-053021"
P00234,Ryan Pandit,45,M,hassan,"38/01, Mane Zila, Sri Ganganagar-393769"
P00235,Kalpit Gill,46,M,belagavi,"18/45, Varghese Zila, Siwan-769735"
P00236,Victor Bala,19,M,vijayapura,"H.No. 16, Karpe Ganj, Haridwar-880434"
P00237,Ryan Oommen,43,M,gadag,"55, Luthra Ganj, Jhansi 333433"
P00238,Jeet Parekh,33,M,kalaburagi,"H.No. 179, Basak Nagar, Serampore-794728"
P00239,Rushil Kapadia,41,M,dharwad,"67/80, Palan Circle, Akola-187500"
P00240,Ranveer Chaudhuri,38,M,chikballapur,"42/84, Luthra Ganj, Pudukkottai 527636"
P00241,Qabil Rattan,39,M,vijayanagara,"929, Chaudhry Ganj, Noida 632270"
P00242,Shivansh Tata,26,M,tumakuru,"44, Batta Circle, Navi Mumbai-034717"
P00243,Kalpit Patel,48,M,ballari,"H.No. 06, Panchal Zila, Gangtok 455877"
P00244,Rayaan Mangat,48,M,raichur,"569, Ravel, Vijayawada-535544"
P00245,Krishna Saxena,23,M,hassan,"22, Dass Nagar, Chandrapur 326111"
P00246,Avi Bal,31,M,bagalkot,"H.No. 492, Ramakrishnan Zila, Berhampur-472282"
P00247,Anay Parikh,53,M,udupi,"84, Saxena Circle, Panvel 997968"
P00248,Prisha Subramaniam,25,F,yadgir,"45, Lad Marg, Avadi-082547"
P00249,Yatan Sood,33,M,shivamogga,"49, Amble Ganj, Maheshtala 866326"
P00250,Imaran Lall,21,M,chitradurga,"38/944, Luthra Circle, Maheshtala 224179"
P00251,Madhavi Swamy,47,F,chikballapur,"H.No. 208, Grewal Nagar, Ichalkaranji-270312"
P00252,Yatin Kalla,49,M,belagavi,"H.No. 75, Balay Chowk, Jodhpur 046187"
P00253,Gopal Krishna,50,M,koppal,"H.No. 367, Bandi Ganj, Jaunpur-837645"
P00254,Ansh Verma,27,M,kolar,"43, Ben Path, Gorakhpur 650249"
P00255,Siya Kibe,18,F,chitradurga,"79/25, Kothari Zila, Panchkula 950052"
P00256,Dev Sura,33,M,koppal,"57/30, Parmar Marg, Chandrapur-778487"
P00257,Idika Pall,29,F,kolar,"H.No. 98, Biswas Street, Hospet 485708"
P00258,George Bahl,51,M,mysuru,"H.No. 18, Gupta Marg, Suryapet 945651"
P00259,Bahadurjit Bassi,51,M,davanagere,"H.No. 317, Chaudhary Ganj, Aurangabad-789940"
P00260,Indrajit Bobal,42,M,kodagu,"71/705, Sagar Circle, Howrah 801413"
P00261,Daksha Kashyap,20,F,uttara_kannada,"839, Sagar Street, Gangtok-761228"
P00262,Yashawini Nazareth,41,F,mandya,"H.No. 58, Prabhu Path, Chinsurah-939836"
P00263,Pranit Sethi,40,M,chikkamagaluru,"H.No. 049, Vasa Nagar, Barasat-433504"
P00264,Champak Barad,40,M,tumakuru,"245, Krish, Bardhaman-196931"
P00265,Wyatt Ghose,55,M,chikballapur,"40/96, Bhalla Zila, Karnal-613906"
P00266,Michael Viswanathan,26,M,ramanagara,"92/58, Dua Ganj, Singrauli 998136"
P00267,Ronith Divan,52,M,ballari,"H.No. 790, Rastogi Circle, Guwahati-862278"
P00268,Yagnesh Rana,47,M,dakshina_kannada,"146, Chakraborty Path, Haridwar-553559"
P00269,Niharika Gara,29,F,raichur,"27/03, Prakash Ganj, Guwahati 039240"
P00270,Christopher Mody,22,M,tumakuru,"H.No. 538, Jani Ganj, Motihari-920698"
P00271,Lakshmi Garde,20,F,raichur,"940, Anand Chowk, Munger 510463"
P00272,Chandran Mutti,20,M,chitradurga,"387, Bains Circle, Shahjahanpur-576205"
P00273,Peter Mittal,20,M,tumakuru,"H.No. 460, Mammen Circle, Saharanpur-621689"
P00274,Sathvik Khosla,50,M,dakshina_kannada,"H.No. 95, Deep Chowk, Durgapur-248262"
P00275,Nitara Bir,34,F,dharwad,"H.No. 20, Sachdev Path, Avadi 423122"
P00276,Kiaan Kashyap,36,M,ballari,"05/172, Singh Circle, Udaipur-772233"
P00277,Samarth Aurora,39,M,davanagere,"331, Sarna Street, Anantapur 366096"
P00278,Ronith Yadav,41,M,chikkamagaluru,"70, Venkataraman Ganj, Thane 803476"
P00279,Mekhala Shenoy,46,F,gadag,"H.No. 90, Dhar Circle, Bidhannagar-812982"
P00280,Triveni Naik,39,F,vijayapura,"793, Chana Chowk, North Dumdum-111751"
P00281,Yashodhara Dutta,49,F,bidar,"H.No. 259, Gaba Street, Mangalore-644742"
P00282,Dominic Jain,23,M,davanagere,"H.No. 777, Ahluwalia Circle, Patiala 977671"
P00283,Krisha Mall,23,F,ramanagara,"205, Dhillon Nagar, Gangtok-510162"
P00284,Lucky Goel,52,M,gadag,"H.No. 145, Raghavan Path, Purnia-472145"
P00285,Henry Kadakia,24,M,chitradurga,"81/79, Sane Road, Rampur 299787"
P00286,Gautam Kaul,36,M,belagavi,"H.No. 107, Johal Zila, Haridwar 558303"
P00287,Lakshmi Bir,45,F,chitradurga,"85/01, Om Path, Jehanabad 235577"
P00288,Ekanta Subramaniam,40,F,bidar,"57/60, Mistry Circle, Miryalaguda-395512"
P00289,Alexander Nori,40,M,hassan,"96/29, Morar Zila, Patna-617357"
P00290,Janaki Vohra,35,F,koppal,"H.No. 503, Sawhney Zila, Karawal Nagar 357845"
P00291,Chandran Varty,22,M,mandya,"07/681, Mukhopadhyay Nagar, Hindupur-570184"
P00292,Nimrat Kadakia,41,F,mysuru,"448, Sastry Path, Darbhanga 241098"
P00293,Harshil Palla,19,M,kalaburagi,"493, Bobal Street, Pudukkottai 870207"
P00294,Damyanti Rajagopal,20,F,bengaluru_urban,"62, Sehgal, Bijapur 381792"
P00295,Vivaan Chatterjee,33,M,bengaluru_urban,"77/332, Kuruvilla, Katni-557701"
P00296,Daksh Panchal,41,M,shivamogga,"459, Datta, Machilipatnam-581487"
P00297,Samuel Khare,27,M,dharwad,"61, Joshi Path, Raebareli-832197"
P00298,Vedika Nanda,41,F,mysuru,"461, Chopra, Khammam 013290"
P00299,Falguni Sethi,22,F,davanagere,"97/33, Mistry Path, Raebareli 190986"
P00300,Manan Bhatia,51,M,kolar,"H.No. 851, Balasubramanian Road, Bhiwani 566668"
P00301,Harini Soman,38,F,davanagere,"65/62, Dass Road, Hyderabad-027621"
P00302,Sarthak Shah,33,M,mandya,"86, Sengupta Circle, Raichur-269097"
P00303,Zashil Luthra,19,M,yadgir,"H.No. 097, Chowdhury Path, Vijayawada-847818"
P00304,Jason Sodhi,49,M,ramanagara,"05/80, Setty Chowk, Chapra 654420"
P00305,Leena Bhat,53,F,kalaburagi,"04/90, Sundaram Road, Cuttack-442944"
P00306,Abhimanyu Choudhury,34,M,bengaluru_rural,"75/243, Golla Chowk, Tiruvottiyur-292766"
P00307,Urvi Ganesh,31,F,raichur,"H.No. 410, Shetty Street, Fatehpur-783667"
P00308,Elijah Wali,49,M,koppal,"H.No. 76, Wagle Path, Jalandhar-694544"
P00309,Joshua Raman,26,M,chamarajanagar,"93/852, Anne Path, Jabalpur-618175"
P00310,Lucky Krishnamurthy,46,M,uttara_kannada,"H.No. 910, Kalla, Jamshedpur-926921"
P00311,Lajita Menon,23,F,bidar,"74/654, Borah Street, Ghaziabad-650442"
P00312,Bakhshi Swamy,40,M,tumakuru,"712, Sankar Circle, Srikakulam-741011"
P00313,Udant Bahl,53,M,raichur,"00/642, Raman Path, Kottayam-766183"
P00314,Rehaan Subramaniam,37,M,kodagu,"H.No. 46, Chana Nagar, Deoghar 174328"
P00315,Rehaan Halder,29,M,uttara_kannada,"H.No. 571, Gupta Chowk, Vadodara 093761"
P00316,Zaid Walla,50,M,tumakuru,"H.No. 505, Ravi Nagar, Rajpur Sonarpur-829310"
P00317,Yash Bahl,30,M,chikballapur,"202, Mohanty Nagar, Sirsa-911179"
P00318,Azad Jain,33,M,tumakuru,"65/198, Nagy Street, Ranchi-511426"
P00319,Reva Gala,19,F,tumakuru,"02/19, Dugar Marg, Morbi-002194"
P00320,Wazir Date,47,M,davanagere,"48/763, Barad Street, Panchkula-456083"
P00321,Daniel Wagle,23,M,tumakuru,"83/73, Bera Road, Gorakhpur 772200"
P00322,Lucky Kadakia,43,M,belagavi,"H.No. 97, Chawla Nagar, Siwan-207811"
P00323,Vamakshi Nanda,51,F,raichur,"53/153, Khalsa Zila, Kollam-317970"
P00324,Eta Kalita,54,F,gadag,"52, Hari Chowk, Gopalpur-520904"
P00325,Christopher Shroff,38,M,belagavi,"534, Dugar, Gangtok-168739"
P00326,Vihaan Mallick,46,M,mandya,"33/569, Dixit Ganj, Erode 078068"
P00327,Wriddhish Chaudhari,26,M,hassan,"180, Kamdar Marg, Secunderabad-310742"
P00328,Advik Sha,26,M,vijayapura,"62/570, Rajan Zila, Bettiah-464989"
P00329,Banjeet Nayak,25,M,gadag,"H.No. 165, Baria Chowk, Ambarnath 818325"
P00330,Dakshesh Sridhar,37,M,kalaburagi,"H.No. 54, Sampath Circle, Meerut-557788"
P00331,Wahab Wali,38,M,bidar,"51/37, Buch Zila, Mangalore 112412"
P00332,Faqid Jayaraman,40,M,vijayanagara,"82, Palan Chowk, Raiganj 431038"
P00333,Samesh Oza,23,M,yadgir,"88/77, Deo Road, Tirunelveli 375402"
P00334,Lucky Shah,53,M,chikkamagaluru,"84/222, Khanna Street, Kalyan-Dombivli-927452"
P00335,Anay Nadig,37,M,chikkamagaluru,"H.No. 78, Walla Street, Bhilai 672752"
P00336,Zehaan Narula,50,M,koppal,"H.No. 92, Sathe, Gorakhpur 028140"
P00337,Imaran Sehgal,55,M,mandya,"H.No. 09, Vyas Ganj, Alwar 018718"
P00338,Gunbir Swaminathan,28,M,yadgir,"56/265, Pradhan Marg, Anantapuram 547813"
P00339,Sarthak Savant,54,M,mysuru,"66/299, Dhawan Zila, Avadi 851961"
P00340,Samarth Mahajan,23,M,ballari,"79/23, Raj Street, Begusarai-049478"
P00341,Isaac Bala,31,M,ballari,"H.No. 47, Mani Zila, Mangalore 301471"
P00342,Warda Sarin,19,F,shivamogga,"15/890, Gaba Road, Ulhasnagar 725204"
P00343,Shaurya Parekh,37,M,haveri,"H.No. 81, Hari Circle, Bareilly 855445"
P00344,Patrick Dhawan,43,M,haveri,"45/76, Gaba Path, Bellary 833898"
P00345,Turvi Sharma,22,F,chitradurga,"075, Patil Road, Mango 240132"
P00346,Ishaan Mohanty,28,M,raichur,"161, Bahl Zila, Chinsurah-310890"
P00347,Dhriti Kulkarni,48,F,hassan,"H.No. 01, Jha Zila, Udaipur 012495"
P00348,Faris Tella,39,M,hassan,"H.No. 908, Handa Ganj, Tirunelveli-138759"
P00349,Thomas Chhabra,38,M,koppal,"63, Kari Circle, Gorakhpur-171827"
P00350,Maanas Baria,40,M,uttara_kannada,"16, Shan Road, Raiganj 864631"
P00351,Qarin Gola,41,M,dharwad,"16/781, Dhar Zila, Rewa 215353"
P00352,Darsh Kaul,38,M,kalaburagi,"H.No. 99, Ratta Road, Fatehpur-784271"
P00353,Ladli Suri,25,F,chikballapur,"20/101, Bala Chowk, Eluru-249911"
P00354,Vidhi Jaggi,33,F,chikkamagaluru,"84, Oza Circle, Patna 167567"
P00355,Andrew Bali,21,M,bengaluru_urban,"27/624, Sura Marg, Jehanabad-889778"
P00356,Yashica Bhalla,44,F,chitradurga,"96, Pandit, Pondicherry-090255"
P00357,Onkar Rai,38,M,chikballapur,"H.No. 56, Bhalla Path, Shahjahanpur 491141"
P00358,Frado Bahri,30,M,vijayanagara,"69, Sama Circle, Jaipur 905696"
P00359,Chandran Suresh,49,M,shivamogga,"H.No. 78, Ganesan Path, Bharatpur 371834"
P00360,Arunima Mishra,49,F,kalaburagi,"19/19, Mahajan Path, Tezpur-635148"
P00361,Tarak Zacharia,49,M,vijayapura,"64, Varma, Motihari 082973"
P00362,Krish Walia,43,M,bagalkot,"35/72, Dora Ganj, Raebareli-513644"
P00363,Lavanya Keer,33,F,kalaburagi,"H.No. 230, Mukherjee Ganj, Shivpuri-603242"
P00364,Kai Mall,21,M,chamarajanagar,"70/015, Misra, Vellore-162319"
P00365,Jeremiah Taneja,49,M,ballari,"15/59, Keer Marg, Bellary 123476"
P00366,Baghyawati Swaminathan,36,F,koppal,"H.No. 86, Koshy Chowk, Ulhasnagar 754090"
P00367,Jagdish Kulkarni,24,M,kodagu,"51/837, Anand Marg, Rohtak-134327"
P00368,Samar Bandi,34,M,gadag,"76, Sami Path, Nanded 815698"
P00369,Utkarsh Bala,43,M,ramanagara,"72/063, Murthy Road, Bhubaneswar 382965"
P00370,William Deol,43,M,davanagere,"95/431, Pillai Marg, Singrauli 930089"
P00371,Chaitanya Shere,41,M,ballari,"20/696, Lad, Hubli–Dharwad-291086"
P00372,Yug Dani,22,M,kodagu,"447, De Marg, Tiruppur-436262"
P00373,Mohini Lala,53,F,dharwad,"597, Anne Zila, Guntur-636694"
P00374,Champak Bhargava,26,M,chikkamagaluru,"759, Bath, Nizamabad 465280"
P00375,Leena Gara,41,F,bengaluru_rural,"21, Wali Path, Ajmer-150274"
P00376,Tanveer Mandal,53,M,tumakuru,"56/25, Dora Chowk, Meerut 203207"
P00377,Finn Sibal,27,M,yadgir,"07, Sundaram Path, Kumbakonam-215134"
P00378,Hamsini Trivedi,50,F,chamarajanagar,"08/92, Bose Marg, Panchkula 504165"
P00379,Neel Dube,20,M,ballari,"77, Ahluwalia Road, Varanasi 592304"
P00380,Ayaan Bobal,48,M,bengaluru_urban,"42, Rastogi Ganj, Jaipur-266421"
P00381,Xalak Sankaran,27,F,kalaburagi,"H.No. 15, Iyengar Circle, Amroha 749961"
P00382,Qarin Grewal,38,M,koppal,"H.No. 085, Kapur Chowk, Shimla-476174"
P00383,Devansh Mital,28,M,vijayanagara,"H.No. 90, Bose Circle, Anand-866179"
P00384,Peter Kumar,55,M,dharwad,"H.No. 722, Bath Marg, Erode 597794"
P00385,Idika Kakar,54,F,dakshina_kannada,"94/168, Ahluwalia Nagar, Bhiwandi-277697"
P00386,Radha Rana,19,F,chitradurga,"203, Babu Zila, Indore 723683"
P00387,Matthew Sheth,25,M,davanagere,"01, Dua Street, Shivpuri-079334"
P00388,Atharv Nath,19,M,gadag,"66/799, Mannan Circle, Morbi 789973"
P00389,Zarna Bahl,34,F,koppal,"14/67, Talwar Zila, Sultan Pur Majra-024375"
P00390,Jack Tripathi,21,M,yadgir,"72/46, Parsa Marg, Nanded-417223"
P00391,Xalak Chaudhuri,28,F,kolar,"H.No. 33, Batta Circle, Secunderabad-522801"
P00392,Upasna Comar,27,F,kalaburagi,"37/45, Batra Path, Saharanpur-077119"
P00393,Ansh Tripathi,20,M,udupi,"13/524, Toor Chowk, Navi Mumbai 552137"
P00394,Aarush Korpal,30,M,kolar,"H.No. 82, Lata Zila, Vijayanagaram-328632"
P00395,Triveni Rout,38,F,bagalkot,"H.No. 720, Boase Circle, Sonipat-626060"
P00396,Ayush Venkatesh,44,M,gadag,"84, Padmanabhan Path, Parbhani 673899"
P00397,Orinder Ravel,44,M,raichur,"H.No. 085, Date Marg, Kakinada-884852"
P00398,Amrita Zacharia,21,F,kalaburagi,"H.No. 68, Bhasin Zila, Rampur 101749"
P00399,Utkarsh Nori,51,M,raichur,"H.No. 44, Dey, Saharsa-158935"
P00400,Chandran Din,48,M,chamarajanagar,"H.No. 106, Soni Street, Amroha-586988"
P00401,Libni Tara,38,F,kalaburagi,"76/228, Sundaram Street, Bikaner-377028"
P00402,Daniel Rege,47,M,yadgir,"H.No. 94, Virk Nagar, Kochi 454470"
P00403,Ekavir Sama,52,M,vijayanagara,"H.No. 32, Agate Chowk, Motihari 106794"
P00404,Om Purohit,48,M,davanagere,"877, Dixit Chowk, Hubli–Dharwad-636580"
P00405,Liam Chakrabarti,35,M,chamarajanagar,"48/18, Hans Zila, Jehanabad-780182"
P00406,Laksh Jha,32,M,kodagu,"H.No. 895, Bath Marg, Lucknow-626085"
P00407,Kabir Chand,36,M,yadgir,"24/22, Chakraborty Road, Aizawl 209520"
P00408,Manthan Ramakrishnan,49,M,raichur,"654, Dara Marg, Panihati 993788"
P00409,Deepa Luthra,40,F,dakshina_kannada,"86, Sule Zila, Vellore 048913"
P00410,Max Ray,36,M,kodagu,"83/258, Korpal Street, Miryalaguda-007942"
P00411,Bhanumati Subramaniam,43,F,bengaluru_rural,"65/398, Bath Road, Deoghar 416128"
P00412,Tarak Kade,27,M,udupi,"47/435, Kade Path, Khora  020970"
P00413,Gabriel Sachdev,36,M,chitradurga,"11/80, Dasgupta Chowk, Gandhinagar-620175"
P00414,Tristan Andra,40,M,yadgir,"H.No. 53, Mitter Zila, Muzaffarpur-504793"
P00415,Indira Randhawa,34,F,vijayanagara,"87/28, Gill Ganj, Giridih 124938"
P00416,Inaya Bajaj,31,F,ramanagara,"H.No. 605, Ray Marg, Bhilai 758030"
P00417,Shivansh Walia,53,M,chamarajanagar,"H.No. 635, Bakshi Zila, Bhusawal-332541"
P00418,Akshay Srinivasan,26,M,raichur,"54/31, Khare Chowk, Meerut-831997"
P00419,Udant Dash,33,M,bengaluru_rural,"H.No. 651, Bhatia Street, Pimpri-Chinchwad 961108"
P00420,Manan Raj,32,M,ballari,"63/99, Setty Nagar, Madhyamgram-991507"
P00421,Gopal Chokshi,44,M,ballari,"19/39, Upadhyay Street, Raichur 797232"
P00422,Bhanumati Datta,24,F,dakshina_kannada,"54/98, Din Street, Tirupati 450892"
P00423,Jagat Tripathi,18,M,mysuru,"H.No. 33, Biswas Ganj, Maheshtala 795995"
P00424,Shaurya Narasimhan,44,M,yadgir,"07, Aggarwal Ganj, Berhampur-933756"
P00425,Sudiksha Gour,48,F,mandya,"H.No. 150, Contractor Circle, Ramagundam 395003"
P00426,Lucky Ghosh,36,M,mandya,"25/832, Bains Ganj, Firozabad-026153"
P00427,Vedant Khatri,21,M,dakshina_kannada,"28/961, Dhawan Zila, Jhansi 865596"
P00428,Arin Gulati,54,M,vijayanagara,"H.No. 30, Date Road, Bhagalpur 791286"
P00429,Zaid Venkataraman,29,M,chikballapur,"H.No. 58, Talwar Chowk, Agartala-903337"
P00430,Rudra Kamdar,20,M,gadag,"92, Kumar Path, Guntur 478539"
P00431,Vidhi Vala,49,F,udupi,"76, Pillai Marg, Ratlam 602734"
P00432,Praneel Butala,20,M,bidar,"H.No. 31, Bora Zila, Agra 535444"
P00433,Ekapad Lal,54,M,bagalkot,"H.No. 56, Arora Marg, Anand 633373"
P00434,Vihaan Oak,39,M,koppal,"663, Sengupta Chowk, Dindigul 924075"
P00435,Jeevika Saini,52,F,chitradurga,"84/590, Balay, Jamnagar-999966"
P00436,Shivani Bhatt,26,F,kalaburagi,"15, Seth, Tiruchirappalli-182097"
P00437,Idika Issac,35,F,uttara_kannada,"H.No. 33, Viswanathan Road, Malda 580256"
P00438,Farhan Choudhry,39,M,chamarajanagar,"16, De Ganj, Tirupati-729949"
P00439,Yashasvi Shanker,34,F,bidar,"H.No. 271, Koshy Marg, Jehanabad 779014"
P00440,Oscar Mishra,18,M,raichur,"32, Sankaran, Yamunanagar-916032"
P00441,Madhav Bhavsar,36,M,ramanagara,"81, Bose Path, Dibrugarh-672438"
P00442,Vihaan Bala,29,M,kolar,"56, Ranganathan Ganj, Hyderabad 125777"
P00443,Chakrika Kibe,45,F,koppal,"42, Badami Street, Belgaum-186210"
P00444,Faraj Sastry,23,M,kalaburagi,"083, Batta Chowk, Pali 709006"
P00445,Jeet Prasad,29,M,dharwad,"H.No. 060, Nazareth Nagar, Rajkot-122068"
P00446,Omisha Naidu,38,F,bengaluru_urban,"66/13, Cherian Ganj, North Dumdum-065063"
P00447,Imaran Bhatti,18,M,vijayanagara,"H.No. 136, Tata Road, Jorhat 419562"
P00448,Harita Nadkarni,33,F,chikkamagaluru,"H.No. 09, Sen, Sasaram-890309"
P00449,Mohammed Khalsa,39,M,hassan,"10/25, Minhas Chowk, Saharanpur-303975"
P00450,Liam Nadkarni,34,M,chitradurga,"40/355, Jha Ganj, Kulti 968527"
P00451,Bachittar Swamy,33,M,mandya,"H.No. 232, Ghose Zila, Noida 674233"
P00452,Gaurang Kothari,47,M,ballari,"73/47, Parsa Zila, Burhanpur 776896"
P00453,Wridesh Bahri,43,M,chitradurga,"H.No. 498, Gill Street, Nadiad-474689"
P00454,Balendra Nath,25,M,mysuru,"230, Tella Nagar, Pallavaram-665674"
P00455,Samarth Barad,41,M,mandya,"23/64, Upadhyay Path, Arrah 663370"
P00456,Akshay Divan,32,M,koppal,"24/399, Arora Street, Tiruchirappalli 691836"
P00457,Tanay Krishnan,48,M,yadgir,"46/11, Padmanabhan, Agartala 640270"
P00458,Bhavya Sahni,41,F,bengaluru_urban,"62/252, Hora Street, South Dumdum-793230"
P00459,Inaya Lad,52,F,gadag,"91/214, Purohit Zila, Bally-509377"
P00460,Aayush Bhat,33,M,tumakuru,"90/138, Prashad Nagar, Shivpuri 596555"
P00461,Jagdish Patel,51,M,mysuru,"05/51, Shan Nagar, Kolhapur-918435"
P00462,Wazir Varma,22,M,hassan,"H.No. 505, Nanda Nagar, Muzaffarpur-691567"
P00463,Reyansh Memon,21,M,vijayanagara,"98/02, Chahal Chowk, Motihari-271783"
P00464,Hitesh Garde,54,M,udupi,"02, Rajagopal Path, Muzaffarnagar 712871"
P00465,Isaac Bhattacharyya,28,M,kodagu,"68/633, D’Alia Road, Chandigarh 159319"
P00466,Eesha Munshi,25,F,dakshina_kannada,"H.No. 09, Gupta Circle, Bhusawal-528993"
P00467,Rudra Andra,55,M,mysuru,"437, Din Chowk, Ulhasnagar-954814"
P00468,Hritik Talwar,50,M,haveri,"H.No. 523, Ben Ganj, Morbi 420865"
P00469,Warjas Pall,47,M,hassan,"H.No. 844, Ramesh Ganj, Mira-Bhayandar-904729"
P00470,Vaishnavi Subramanian,47,F,bengaluru_urban,"330, Chaudry Path, Gandhinagar 201572"
P00471,Daniel Varma,53,M,kolar,"630, Khosla Zila, Unnao 926176"
P00472,Tristan Pillai,19,M,hassan,"H.No. 117, Kar Circle, Dharmavaram 419267"
P00473,Manthan Dass,18,M,dharwad,"H.No. 826, Ramesh Nagar, Rajkot 312920"
P00474,Naksh Das,55,M,ramanagara,"32/18, Banerjee Road, Amravati 582603"
P00475,Arin Venkataraman,45,M,belagavi,"975, Pandey Circle, Navi Mumbai 303243"
P00476,Hritik Parmer,52,M,davanagere,"96/184, Raj Road, Silchar 146283"
P00477,Krish Hans,48,M,ballari,"25, Raghavan Marg, Mahbubnagar 141818"
P00478,Bachittar Narayan,44,M,ballari,"H.No. 42, Mahal Ganj, Navi Mumbai 361128"
P00479,Yash Chandran,44,M,bidar,"49/10, Nadkarni Street, Bokaro 889679"
P00480,Leela Andra,46,F,davanagere,"694, Prabhakar Nagar, Narasaraopet-727578"
P00481,Manya Sangha,42,F,uttara_kannada,"14/651, Bose Zila, Tiruchirappalli-901487"
P00482,Simon Trivedi,40,M,belagavi,"88, Ravi Zila, Tadepalligudem-068538"
P00483,Udarsh Ganguly,52,M,bengaluru_rural,"H.No. 528, Behl Path, Shimla-251538"
P00484,Maanav Mistry,32,M,dharwad,"H.No. 30, Ramesh, Farrukhabad-797050"
P00485,Nitesh Misra,19,M,udupi,"H.No. 526, Andra Path, Chinsurah 318826"
P00486,Widisha Amble,52,F,chitradurga,"765, Patla Road, South Dumdum-177225"
P00487,Aahana Parmer,32,F,gadag,"402, Sama Marg, Patna-374167"
P00488,Eesha Nair,40,F,chikballapur,"110, Dugal Street, Orai-305690"
P00489,Wriddhish Mann,30,M,bengaluru_urban,"H.No. 639, Vaidya Street, Kulti 143637"
P00490,Zayan Golla,20,M,vijayanagara,"126, Mahal Nagar, Ulhasnagar-093106"
P00491,Zaitra Mohan,19,F,tumakuru,"H.No. 67, Uppal Nagar, Faridabad-145456"
P00492,Nathaniel Batta,22,M,chikballapur,"H.No. 053, Sodhi Road, Medininagar-624755"
P00493,Daksh Chatterjee,46,M,bengaluru_rural,"H.No. 55, Wadhwa, Patiala 396112"
P00494,Ansh Halder,33,M,koppal,"H.No. 189, Mitra Path, Panihati-023684"
P00495,Qadim Sen,43,M,ramanagara,"H.No. 768, Bains Circle, Khora  240903"
P00496,Yug Walia,52,M,hassan,"86, Ramakrishnan Circle, Medininagar 320293"
P00497,Vedant Thakur,26,M,chamarajanagar,"448, Garg Zila, Ranchi 402424"
P00498,Jeet Kade,32,M,kalaburagi,"59/551, Lalla Circle, Alappuzha 500534"
P00499,Kabir Babu,54,M,udupi,"49/837, Nair Ganj, Kurnool 273652"
P00500,Chakradhar Tandon,33,M,koppal,"239, Gole Chowk, Jaipur-226931"
P00501,Balendra Sandhu,51,M,chitradurga,"61/820, Chaudhry, Yamunanagar-100231"
P00502,Eshana Arya,37,F,chikballapur,"51/32, Sawhney Chowk, Aizawl 723084"
P00503,Advaith Basu,53,M,chikkamagaluru,"H.No. 862, Kapur Nagar, Ambattur 625436"
P00504,Yatan Gara,45,M,yadgir,"H.No. 451, Nath, Karimnagar 092268"
P00505,Hemangini Sandal,21,F,kodagu,"45/14, Pillay Chowk, Solapur-225267"
P00506,Bhavna Chowdhury,51,F,davanagere,"152, Rajan Street, Imphal-676952"
P00507,Sanaya Sahota,44,F,dakshina_kannada,"83/61, Sama, Chandigarh-503058"
P00508,Ekalinga Choudhary,42,M,bengaluru_urban,"H.No. 24, Dhawan Chowk, Latur 302126"
P00509,Unnati Prabhu,33,F,bidar,"91/792, Din Nagar, Ajmer 310962"
P00510,Wahab Dey,37,M,uttara_kannada,"57, Mangat Nagar, Bhatpara 092820"
P00511,Siddharth Sha,47,M,uttara_kannada,"36/241, Purohit Circle, Rajpur Sonarpur 903628"
P00512,Vivaan Sood,53,M,vijayanagara,"20, Samra Path, Gopalpur 115950"
P00513,Megha Gaba,53,F,gadag,"904, Jaggi Ganj, New Delhi 199097"
P00514,Arjun Murty,42,M,kalaburagi,"H.No. 546, Hayer Circle, Katni 215681"
P00515,Advik Raja,31,M,chikballapur,"H.No. 22, Brar Chowk, Ahmednagar-228898"
P00516,Udarsh Deep,46,M,dakshina_kannada,"H.No. 96, Ram Nagar, Dhule 297102"
P00517,Caleb Tara,23,M,uttara_kannada,"H.No. 24, Bir Street, Gangtok 511274"
P00518,Kabir Sathe,21,M,kodagu,"70/54, Rege Marg, Gandhidham-895516"
P00519,Lekha Basak,20,F,chikkamagaluru,"80/214, Dutt Marg, Srinagar 671577"
P00520,Chatura Chada,30,M,uttara_kannada,"63, Narasimhan Marg, Ratlam-973714"
P00521,Anirudh Dugal,48,M,tumakuru,"35/909, Bhatia Marg, Chinsurah-303064"
P00522,Gaurang Chacko,37,M,chamarajanagar,"H.No. 61, Seth Road, Loni-420165"
P00523,Fitan Issac,31,M,yadgir,"78, Sarkar Street, Aurangabad 089319"
P00524,Neel Nadig,25,M,vijayanagara,"27, Comar Path, Firozabad 727910"
P00525,Ijaya Salvi,33,F,ramanagara,"533, Atwal, Bharatpur-448177"
P00526,Samesh Pandey,43,M,raichur,"51/27, Prakash Marg, Begusarai 866464"
P00527,Caleb Chawla,53,M,vijayanagara,"61/79, Chaudhry Circle, Ambala 463378"
P00528,Dakshesh Hayre,42,M,dakshina_kannada,"H.No. 76, Amble Marg, Rajahmundry-444630"
P00529,Amol Aurora,37,M,hassan,"H.No. 89, Nayak Path, Aurangabad 386396"
P00530,Tanish Dave,50,M,chikkamagaluru,"58, Sarkar Street, Navi Mumbai-819648"
P00531,Ojasvi Jani,47,F,vijayapura,"H.No. 609, Bala Street, Aurangabad 027523"
P00532,Neha Hari,38,F,bengaluru_rural,"H.No. 04, Dhawan Zila, Adoni-179112"
P00533,Karan Gole,41,M,vijayanagara,"53, Chaudhuri Marg, Lucknow 171366"
P00534,Varenya Dyal,20,F,dakshina_kannada,"H.No. 299, Dalal Nagar, Sri Ganganagar-998028"
P00535,Darsh Hans,27,M,kolar,"82/35, Kalla Zila, Khammam 312447"
P00536,Chakradhar Pall,53,M,bagalkot,"76/863, Ghose Road, Parbhani 199423"
P00537,Upma Sehgal,36,F,vijayanagara,"H.No. 91, Rajagopal, Kollam-517208"
P00538,Samarth Memon,39,M,bengaluru_urban,"H.No. 125, Grewal Marg, Sambalpur 355251"
P00539,Odika Apte,54,F,chikballapur,"95, Bhatti Ganj, Anantapuram 831849"
P00540,Shivansh Saran,49,M,udupi,"307, Batra Chowk, Bidar 172959"
P00541,Jagat Bail,34,M,kodagu,"90/742, Bansal Marg, Naihati 171644"
P00542,Prisha Ratta,49,F,shivamogga,"90, Misra Marg, Kumbakonam 591030"
P00543,Ekaraj Cheema,40,M,hassan,"213, Yogi Path, Faridabad 010414"
P00544,Ranveer Madan,52,M,bidar,"71/25, Sachdev Street, Bhilai-977457"
P00545,Chakradhar Lalla,52,M,haveri,"H.No. 83, Brahmbhatt Ganj, Shimla 303763"
P00546,Charles Oak,51,M,mandya,"H.No. 72, Cherian Circle, Muzaffarnagar-679836"
P00547,Bakhshi Mall,21,M,ballari,"49/127, Choudhary Zila, Pune-240787"
P00548,Kevin Dani,44,M,shivamogga,"32, Thakkar Marg, Danapur 074510"
P00549,Siddharth Hari,22,M,bengaluru_urban,"29, Wagle Road, Kadapa 103131"
P00550,Andrew Lata,18,M,raichur,"14/39, Ramanathan Marg, Salem-473235"
P00551,Mitali Aggarwal,41,F,chamarajanagar,"97/43, Murty Street, Rourkela 572076"
P00552,Aishani Goel,49,F,ballari,"095, Agarwal Chowk, Shahjahanpur 100943"
P00553,Ethan Chandra,52,M,bagalkot,"57/758, Sur Road, Bharatpur 054589"
P00554,Dayita Madan,18,F,kodagu,"32, Tank Path, Sambalpur 531361"
P00555,Umang Vyas,52,M,bagalkot,"55/696, More Road, Kalyan-Dombivli-916795"
P00556,Christopher Anand,50,M,chitradurga,"28, Gaba Road, Morbi-140703"
P00557,Diya Bera,29,F,udupi,"H.No. 650, Krishnamurthy Nagar, Etawah-882142"
P00558,Tarak Buch,51,M,bengaluru_rural,"H.No. 753, Sami Marg, Navi Mumbai 494296"
P00559,Ekaraj Iyengar,30,M,bengaluru_urban,"83, Mody Road, Bihar Sharif 826612"
P00560,Naksh Thakur,40,M,koppal,"H.No. 67, Roy Marg, Bhopal 612943"
P00561,Eesha Memon,23,F,chikkamagaluru,"607, Sharma Circle, Guwahati 415914"
P00562,Oni Bhat,47,F,davanagere,"38/287, Kapoor Street, Barasat 079311"
P00563,Faraj Dara,32,M,kolar,"170, Sawhney Circle, Pimpri-Chinchwad 467238"
P00564,Theodore Dasgupta,20,M,chitradurga,"02/232, Iyer Circle, Nangloi Jat-419754"
P00565,Sanya Chhabra,42,F,belagavi,"20, Shankar Road, Phusro-094097"
P00566,Raagini Dewan,21,F,dharwad,"H.No. 02, Tella Path, Karnal-812259"
P00567,Victor Dey,28,M,mandya,"17, Sodhi Marg, Ramgarh 259959"
P00568,Bhavna Bath,45,F,belagavi,"117, Naik Chowk, Patiala 266109"
P00569,Dakshesh Barad,54,M,mandya,"H.No. 90, Nagi Street, Hospet 298334"
P00570,Theodore Mangal,51,M,uttara_kannada,"26/831, Bajwa, Kurnool-205698"
P00571,Onkar Goyal,32,M,vijayanagara,"978, Parikh Path, Jabalpur-661912"
P00572,Daksha Dalal,35,F,chamarajanagar,"H.No. 985, Kapur Nagar, Chandrapur-512418"
P00573,Zashil Muni,35,M,ballari,"19/74, Bali Nagar, Bidar-350238"
P00574,Azaan Keer,29,M,vijayapura,"90/51, Buch Marg, Bikaner-010783"
P00575,Tanveer Sridhar,19,M,vijayanagara,"H.No. 003, Raghavan Circle, Suryapet 066266"
P00576,Dalbir Sarma,55,M,yadgir,"H.No. 35, Bhardwaj Marg, Ahmednagar 903689"
P00577,Advika Krish,22,F,bengaluru_urban,"H.No. 272, Bassi Road, Etawah 429671"
P00578,Balvan Krishna,54,M,chitradurga,"53/745, Master Circle, Hajipur-588105"
P00579,Watika Mammen,52,F,chikballapur,"834, Kade Circle, Serampore 037710"
P00580,Anika Madan,26,F,dakshina_kannada,"H.No. 10, Rajagopalan Road, Surat 670336"
P00581,Tanveer Walia,50,M,tumakuru,"H.No. 850, Nayar, Gudivada 059660"
P00582,Rishi Mani,21,M,ramanagara,"98/42, Sibal Marg, Mira-Bhayandar-441384"
P00583,Siya Barad,32,F,bengaluru_rural,"H.No. 49, Dash Nagar, Jehanabad 427707"
P00584,Viraj Bansal,39,M,udupi,"83/609, Malhotra Zila, Rajkot 244472"
P00585,Harita Din,38,F,koppal,"H.No. 028, Nadig Chowk, Begusarai 044058"
P00586,Jacob Palla,46,M,bagalkot,"71/81, Jani Ganj, Aurangabad 616420"
P00587,Pranit Nayak,40,M,haveri,"49, Dyal Nagar, Varanasi-290193"
P00588,Yashodhara Trivedi,45,F,kodagu,"90, Raj Street, Solapur 989868"
P00589,Zarna Behl,23,F,bidar,"H.No. 43, Memon, Ozhukarai-537513"
P00590,Samarth Pathak,33,M,shivamogga,"81/57, Karpe, Gurgaon 928369"
P00591,Kalpit Mangat,23,M,raichur,"H.No. 166, Divan Circle, Davanagere 702164"
P00592,Chandresh Date,42,M,chikkamagaluru,"H.No. 212, Wagle Circle, Bhusawal 268341"
P00593,Om Chokshi,42,M,raichur,"57/676, Sood Road, South Dumdum 209957"
P00594,Naveen Sarna,24,M,dakshina_kannada,"H.No. 347, Bava Path, Baranagar-652203"
P00595,Liam Murthy,37,M,belagavi,"H.No. 21, Mahal Road, Bahraich 244913"
P00596,Ekavir Char,35,M,hassan,"H.No. 908, Hayer Circle, Unnao-534967"
P00597,Utkarsh Merchant,23,M,bengaluru_rural,"67, Chadha Road, Alwar 513152"
P00598,Manya Setty,46,F,bidar,"H.No. 618, Gupta Path, Bangalore 296334"
P00599,Forum Sundaram,24,F,kodagu,"H.No. 23, Varty Zila, Delhi-178932"
P00600,Shaurya Lall,40,M,bagalkot,"57/824, Master Ganj, Unnao-958741"
P00601,Daksh Mani,38,M,kodagu,"H.No. 36, Goda Zila, Imphal-562779"
P00602,Kamya Balakrishnan,18,F,uttara_kannada,"36/08, Lal Path, Bulandshahr 766404"
P00603,Januja Nori,42,F,chitradurga,"63, Ganesan, Bhubaneswar 298006"
P00604,Ojas Pandit,53,M,shivamogga,"35/83, Wason Street, Berhampur 255638"
P00605,Abeer Banik,54,M,vijayapura,"67/02, Mitra Road, Berhampur 041662"
P00606,Brijesh Bose,42,M,kalaburagi,"H.No. 089, Chandran Street, Jammu 568044"
P00607,Harrison Chaudhry,35,M,bidar,"46, Kapadia Zila, Kishanganj 748836"
P00608,Yuvraj Ramesh,49,M,chitradurga,"39, Ranganathan Nagar, Amroha 791452"
P00609,Champak Gara,28,M,bengaluru_urban,"31/26, Solanki, Allahabad-464520"
P00610,Samar Ahluwalia,44,M,gadag,"78/75, Nagy Ganj, Karawal Nagar 161620"
P00611,Yoshita Dara,22,F,chitradurga,"10, Tandon Marg, Loni-286604"
P00612,Teerth Menon,33,M,davanagere,"59/22, Virk Road, Srikakulam 894773"
P00613,Ekanta Gala,30,F,ramanagara,"H.No. 62, Singhal Street, Kolkata-331875"
P00614,Azaan Sidhu,26,M,hassan,"H.No. 83, Atwal Path, Panipat-694596"
P00615,Harrison Brahmbhatt,43,M,chitradurga,"34/249, Date Zila, Bathinda-973203"
P00616,Chandani Din,39,F,dakshina_kannada,"05, Ben Zila, Sasaram-675481"
P00617,Ronith Purohit,45,M,hassan,"H.No. 48, Wali Path, Mahbubnagar-242687"
P00618,Jeremiah Dara,37,M,udupi,"057, Samra Path, Tadepalligudem-652037"
P00619,Gunbir Ahluwalia,48,M,dakshina_kannada,"H.No. 548, Mahajan Nagar, Panipat 604409"
P00620,Warinder Sha,43,M,dakshina_kannada,"81, Pingle Nagar, Pudukkottai-221610"
P00621,Azaan Murthy,36,M,yadgir,"905, Gara Path, Hazaribagh 660138"
P00622,Lila Chacko,54,F,ramanagara,"H.No. 493, Rout Circle, Delhi-485157"
P00623,Vincent Chakrabarti,38,M,tumakuru,"125, Bahri, Hyderabad 571343"
P00624,Mohammed Bera,43,M,dharwad,"429, Sachdev Path, Maheshtala-324474"
P00625,Yash Pant,54,M,davanagere,"87/209, Dugal Marg, Raebareli 435884"
P00626,Henry Kuruvilla,53,M,chamarajanagar,"H.No. 01, Grewal Circle, Kolhapur-955969"
P00627,Ojasvi Cheema,31,F,bagalkot,"675, Chaudhry Path, Secunderabad 278207"
P00628,Teerth Rastogi,22,M,hassan,"H.No. 59, Subramanian Path, Dewas-381664"
P00629,Amrita Gade,49,F,udupi,"83/92, Nath Street, Mysore-257627"
P00630,Ethan Iyer,33,M,bengaluru_urban,"H.No. 12, Jani Ganj, Mysore-285072"
P00631,Chandresh Sinha,45,M,chikkamagaluru,"67, Char Ganj, Warangal-265469"
P00632,Bimala Palan,22,F,tumakuru,"923, Pathak Path, Orai-996132"
P00633,Ijaya Basu,55,F,hassan,"15, Gole Marg, Saharanpur-467046"
P00634,Gautami Rao,52,F,dharwad,"H.No. 516, Dyal Nagar, Warangal 707660"
P00635,Simon Kuruvilla,52,M,ballari,"57/58, Choudhury Path, Khandwa 120594"
P00636,Utkarsh Saran,24,M,koppal,"H.No. 01, Sharma Chowk, Dhanbad 465408"
P00637,Gaurav Memon,40,M,shivamogga,"H.No. 754, Choudhury Nagar, Vadodara 321812"
P00638,Yatin Sankar,54,M,bidar,"93, Shanker Circle, Solapur 502916"
P00639,Pahal Mittal,39,F,mandya,"H.No. 241, Dada Marg, Aurangabad-498830"
P00640,Vritti Kale,24,F,yadgir,"24/809, Golla Marg, Darbhanga-630624"
P00641,Vihaan Nadkarni,34,M,bagalkot,"053, Mani Zila, Giridih 958678"
P00642,Onveer Oak,46,M,chikballapur,"27, Kade Chowk, Pali 609178"
P00643,Chakrika Johal,47,F,davanagere,"H.No. 57, Balan Chowk, Bhimavaram 959660"
P00644,Yatan Keer,40,M,shivamogga,"91, Randhawa Zila, Rajpur Sonarpur-942268"
P00645,Qushi Kalla,24,F,bagalkot,"H.No. 51, Thakkar Path, Kamarhati-774722"
P00646,Mitali Aggarwal,23,F,chitradurga,"21/696, Roy Marg, Bhopal 299819"
P00647,Advay Nair,40,M,bengaluru_rural,"71/50, Ramachandran, Nanded-532735"
P00648,Manan Bhattacharyya,47,M,chitradurga,"77/39, Khurana Chowk, Surendranagar Dudhrej 952371"
P00649,Amol Ray,51,M,tumakuru,"H.No. 648, Walla Zila, Bahraich-046056"
P00650,Tanish Dash,48,M,haveri,"H.No. 91, Peri Street, Sonipat 373415"
P00651,Vasudha Swamy,46,F,bengaluru_rural,"H.No. 47, Seshadri Path, Tezpur-902284"
P00652,Indrajit Prabhakar,37,M,dakshina_kannada,"H.No. 29, Soman Road, Durg 229464"
P00653,Akshay Kakar,19,M,ballari,"04/58, Ravi Circle, Tadipatri 529858"
P00654,Ranbir Sundaram,24,M,uttara_kannada,"760, Oommen Zila, Tirupati-324913"
P00655,Zaid Sharaf,33,M,mysuru,"35/061, Tripathi Path, Gopalpur 079833"
P00656,Gavin Konda,53,M,kalaburagi,"094, Mall Circle, Jhansi-284033"
P00657,William Shetty,53,M,bidar,"H.No. 13, Dada Chowk, Gwalior 318939"
P00658,Netra Andra,32,F,gadag,"73/997, Krishnamurthy Nagar, Ghaziabad-725878"
P00659,Netra Lalla,29,F,tumakuru,"H.No. 88, Sarraf Road, South Dumdum-058772"
P00660,Bhavini Sankaran,43,F,bidar,"58, Hari Street, Ahmednagar 484587"
P00661,Mason Kade,46,M,bagalkot,"362, Dugar Street, Hazaribagh-964347"
P00662,Reva Dhillon,42,F,kolar,"55/746, Ramaswamy, Kolkata 065274"
P00663,Harrison Joshi,31,M,bagalkot,"H.No. 05, Raja Marg, Proddatur 398741"
P00664,Jairaj Dyal,54,M,chikkamagaluru,"97/067, Mammen Ganj, Allahabad 054857"
P00665,Christopher Sodhi,41,M,bengaluru_rural,"H.No. 62, Mistry Street, Kishanganj-735984"
P00666,Advay Dey,47,M,dakshina_kannada,"H.No. 73, Nagi Street, Ambattur 553449"
P00667,Ekaraj Dar,49,M,bengaluru_rural,"70, Bhasin Circle, Pune-085874"
P00668,Bahadurjit Borra,42,M,kalaburagi,"28/19, Halder Chowk, Chinsurah 772512"
P00669,Vasana Wable,55,F,koppal,"94, Ramakrishnan Nagar, Bangalore-562439"
P00670,Veer Iyer,40,M,bengaluru_rural,"234, Chaudhuri Street, Deoghar 285155"
P00671,Ishita Jaggi,29,F,uttara_kannada,"43, Pant Ganj, Durgapur 160736"
P00672,Udant Sarna,55,M,udupi,"691, Gill Zila, Ujjain-179556"
P00673,Henry Chana,38,M,belagavi,"H.No. 81, Babu Chowk, Nadiad 615541"
P00674,Mason Karnik,37,M,bengaluru_rural,"04, Bath Path, Kulti 902822"
P00675,Anirudh Bhat,41,M,bengaluru_rural,"H.No. 96, Saini Street, Akola-251207"
P00676,Michael Raval,50,M,raichur,"50/05, Singhal Nagar, Asansol 086982"
P00677,Daksha Aurora,26,F,dharwad,"H.No. 611, Shetty Chowk, Jorhat 290477"
P00678,Eesha Naidu,45,F,kolar,"79, Dass Ganj, Kottayam 231164"
P00679,Kritika Kara,52,F,bidar,"45/798, Loke Circle, Khammam 529060"
P00680,Gavin Atwal,53,M,raichur,"265, Srivastava Nagar, Hapur-967379"
P00681,Urvi Dalal,36,F,bidar,"H.No. 24, Sura Path, Jalandhar 841560"
P00682,Champak Karan,38,M,bengaluru_urban,"H.No. 842, Mohanty Path, Junagadh-826832"
P00683,Adweta Issac,21,F,udupi,"88/08, Zacharia Path, Bettiah 521293"
P00684,Simon Jain,18,M,uttara_kannada,"46, Sama Circle, Bhind 240148"
P00685,Hemang Bhavsar,30,M,haveri,"272, Raman Ganj, Gurgaon 933513"
P00686,Ekiya Ratti,53,F,udupi,"724, Apte Path, Saharsa 819737"
P00687,Diya Sha,44,F,kalaburagi,"54/064, Shukla Zila, Bhimavaram-743811"
P00688,Kavya Talwar,44,F,mysuru,"H.No. 144, Trivedi Road, Gurgaon-510173"
P00689,Janya Saraf,49,F,raichur,"78/996, Venkataraman, Kalyan-Dombivli 919113"
P00690,Shivansh Ramesh,54,M,bidar,"77/980, Sankaran Marg, Thrissur 051460"
P00691,Jonathan Parmer,36,M,bagalkot,"470, Shanker Path, Nanded 885652"
P00692,Chaitanya Nath,32,M,ballari,"H.No. 41, Ravi Zila, Mehsana 634755"
P00693,Pratyush Dutta,28,M,kodagu,"H.No. 139, Toor Road, Karaikudi-691311"
P00694,Lekha Dhingra,54,F,shivamogga,"26, Memon Zila, North Dumdum 703824"
P00695,Yachana Kapur,53,F,ramanagara,"732, Minhas Nagar, Jaipur-768893"
P00696,Girik Venkataraman,54,M,kalaburagi,"45/465, Keer Path, Panvel-125389"
P00697,Chanakya Tripathi,52,M,bengaluru_rural,"H.No. 935, Kapur Circle, Agartala-797796"
P00698,Frederick Bains,52,M,udupi,"H.No. 72, Pandya Zila, Bally-097626"
P00699,Upkaar Mukherjee,46,M,udupi,"986, Zacharia Street, Chennai 591191"
P00700,Faris Hayer,45,M,kodagu,"071, Chakraborty Path, Sambhal-667252"
P00701,Nachiket Pant,37,M,bengaluru_rural,"H.No. 71, Lad Street, Kollam-515718"
P00702,Advaith Bhat,46,M,uttara_kannada,"H.No. 208, Agrawal Nagar, Yamunanagar 099512"
P00703,Zaid Gopal,23,M,chikkamagaluru,"H.No. 295, Goel, Belgaum-709081"
P00704,Madhav Chokshi,33,M,hassan,"82/17, Dubey Ganj, Malda 718153"
P00705,Ekavir Khatri,45,M,chamarajanagar,"05, Srinivasan Nagar, Saharsa-589988"
P00706,Harish Mandal,31,M,bidar,"34, Raval Marg, Burhanpur 707158"
P00707,Robert Mohan,21,M,udupi,"08/031, Ghose Road, Nashik-046358"
P00708,Teerth Trivedi,52,M,kolar,"03/172, Nagarajan Ganj, Kurnool-399006"
P00709,Dalbir Mannan,38,M,chikkamagaluru,"52/635, Basu Marg, Ajmer 946943"
P00710,Samarth Anne,36,M,raichur,"43, Kulkarni Chowk, Tenali-723111"
P00711,Yash Bhavsar,50,M,kolar,"464, Mangat Circle, Jehanabad-116318"
P00712,Harish Datta,26,M,vijayapura,"11, Barad Ganj, Udaipur 136957"
P00713,Vaishnavi Barman,21,F,yadgir,"50/902, Krishna Path, Etawah-306624"
P00714,Isaiah Gour,26,M,chikkamagaluru,"70/713, Wadhwa, Proddatur-285011"
P00715,Abhiram Gara,38,M,chikballapur,"H.No. 213, Raj Nagar, Phusro 691309"
P00716,Advaith Soni,43,M,udupi,"96/737, Krishna, Malda-278532"
P00717,Gagan Rama,54,M,haveri,"H.No. 06, Dhawan Road, Jaunpur 836253"
P00718,Shivansh Sahni,44,M,mandya,"67, Nazareth Path, Silchar-833339"
P00719,Rajata Sheth,22,F,dharwad,"43/627, Sethi Zila, Haridwar-335826"
P00720,Gautam Savant,43,M,mandya,"92, Dugal Road, Ramgarh 265732"
P00721,Nakul Wali,41,M,kalaburagi,"H.No. 100, Narula Nagar, Satara 323415"
P00722,Vansha Soman,38,F,hassan,"H.No. 41, Dutta Circle, Ujjain 189628"
P00723,Logan Krish,23,M,kolar,"10, Raj Street, Nadiad 209579"
P00724,Vanya Bahri,40,F,ramanagara,"H.No. 15, Goel Zila, Dewas-213541"
P00725,Yug Babu,52,M,uttara_kannada,"H.No. 43, Mammen Circle, Unnao-203447"
P00726,Om Baria,45,M,dharwad,"15/802, Anne, Barasat 376604"
P00727,Oliver Peri,49,M,udupi,"52/548, Suresh Ganj, Shimoga-715810"
P00728,Chatresh Kibe,36,M,chikkamagaluru,"H.No. 12, Khalsa, Aurangabad 059129"
P00729,Noah Cherian,54,M,dakshina_kannada,"23/121, Aggarwal Zila, Muzaffarpur 016583"
P00730,Ira Tandon,39,F,uttara_kannada,"H.No. 90, Goyal Chowk, Vijayawada-342893"
P00731,Baljiwan Guha,20,M,vijayapura,"269, Sachar Road, Bellary-453804"
P00732,Gaurika Bhattacharyya,19,F,bengaluru_rural,"50, Sani, Amroha 159591"
P00733,Nathaniel Seshadri,46,M,bengaluru_rural,"H.No. 74, Munshi Chowk, Ambattur 056775"
P00734,Vincent Shetty,45,M,hassan,"660, Nadig Street, Jalgaon-506229"
P00735,Ikbal Chandran,37,M,chamarajanagar,"24, Hora Path, Mehsana 248433"
P00736,Zaid Sant,23,M,bidar,"05, Bhavsar Zila, Morena-238736"
P00737,Abeer Morar,34,M,mandya,"49/691, Dayal, Mau-259710"
P00738,Qasim Sahni,28,M,belagavi,"H.No. 35, Mand Chowk, Gangtok-325939"
P00739,Kritika Suresh,37,F,ballari,"H.No. 81, Divan Marg, Jodhpur-794176"
P00740,Lakshit Dhar,45,M,ramanagara,"33, Narang Nagar, Udupi 824575"
P00741,Girindra Dara,24,M,mandya,"38/843, Sampath Marg, Bihar Sharif 324006"
P00742,Qarin Shroff,48,M,bagalkot,"68/297, Chokshi Path, Sirsa-397429"
P00743,Neel Badal,55,M,belagavi,"H.No. 87, Dhar Path, Gandhinagar 656259"
P00744,Megha Naik,18,F,chikballapur,"27/112, Chaudry Street, Noida 555165"
P00745,Yatin Rattan,25,M,bagalkot,"62/813, Dutt Chowk, Bhilwara 308003"
P00746,Anvi Basak,26,F,uttara_kannada,"285, Ram Path, Surat-706810"
P00747,Andrew Joshi,32,M,haveri,"H.No. 519, Upadhyay Path, Sikar-280944"
P00748,Rishi Dutta,24,M,dharwad,"H.No. 35, Ramaswamy Road, Baranagar-079863"
P00749,Daksh Barman,41,M,bengaluru_rural,"33/943, Mitter, Madhyamgram-394380"
P00750,Abeer Kalita,26,M,vijayapura,"765, Raman Chowk, Pallavaram-894319"
P00751,Aadi Balasubramanian,27,M,dharwad,"H.No. 04, Raj Chowk, Jalandhar 533651"
P00752,Sathvik Bains,28,M,belagavi,"H.No. 424, Jayaraman Chowk, Ludhiana 201137"
P00753,Krishna Bajaj,31,M,hassan,"23/166, Barad Nagar, Bhiwani-620901"
P00754,Lohit Srinivas,44,M,mandya,"H.No. 433, Agarwal Chowk, Phusro-873045"
P00755,Raksha Shan,31,F,koppal,"H.No. 58, Dhingra Circle, Sri Ganganagar-296575"
P00756,Ethan Talwar,26,M,belagavi,"19, Devan Road, Secunderabad-782058"
P00757,Onkar Zachariah,55,M,shivamogga,"616, Thaker Zila, Saharsa-904823"
P00758,Wishi Dada,40,F,ramanagara,"68/63, Panchal, Aligarh 723081"
P00759,Eshana Bora,38,F,yadgir,"43, Char Circle, Nagpur 041321"
P00760,Jonathan Sethi,33,M,tumakuru,"H.No. 60, Mital, Munger 346997"
P00761,Yatan Balay,33,M,chikkamagaluru,"H.No. 04, Rajagopal Chowk, Bhusawal-706071"
P00762,Jonathan Chanda,19,M,kodagu,"17/653, Singh, North Dumdum 873961"
P00763,Devansh Bala,31,M,uttara_kannada,"27/49, Wason Marg, Nizamabad-872742"
P00764,Maanav Narula,43,M,kalaburagi,"21/377, Ahluwalia Ganj, Belgaum-042359"
P00765,Ishwar Saxena,33,M,chitradurga,"229, Bajwa, Mehsana 608581"
P00766,Vritti Bandi,25,F,haveri,"61/11, Parmar Road, Rewa 210219"
P00767,Indira Sehgal,22,F,chikballapur,"12, Sachdev, Karaikudi 332426"
P00768,Quincy Bhasin,41,M,kalaburagi,"49/80, Devan Road, Latur 337773"
P00769,Gabriel Rama,26,M,vijayanagara,"28/217, Bora Circle, Shahjahanpur 534606"
P00770,Oeshi Rana,41,F,dharwad,"56/793, Srinivas Street, Sangli-Miraj & Kupwad 984716"
P00771,Sathvik Bhatti,48,M,kodagu,"05/464, Om Chowk, Jorhat 478769"
P00772,Wahab Nazareth,19,M,yadgir,"H.No. 88, Bhatnagar, Agartala 498355"
P00773,Girish Pall,18,M,kolar,"H.No. 86, Lalla Road, Maheshtala 435885"
P00774,Vihaan Venkatesh,20,M,chikkamagaluru,"43/395, Taneja Street, Sambalpur-749785"
P00775,Joshua Bora,43,M,vijayanagara,"86, Bhavsar Nagar, Rohtak 789489"
P00776,Hardik Lata,50,M,kalaburagi,"79/176, Munshi Marg, Kolhapur 150014"
P00777,Lipika Datta,45,F,shivamogga,"090, Choudhury Nagar, Bally 633399"
P00778,Raagini Khalsa,23,F,raichur,"95/32, Jani Marg, Nanded-994711"
P00779,Samar Kant,35,M,mandya,"22/34, Aggarwal Zila, Aizawl-996733"
P00780,Banjeet Rege,23,M,belagavi,"696, Magar Nagar, Pallavaram-855078"
P00781,Timothy Jha,27,M,kalaburagi,"19/626, Kamdar Ganj, Nagercoil 434369"
P00782,Advik Kohli,43,M,kodagu,"06/955, Bahri Marg, Junagadh 616453"
P00783,Qadim Lad,37,M,kolar,"398, Wali, Vadodara-503121"
P00784,Ladli Buch,33,F,raichur,"426, Grewal Road, Alappuzha 281319"
P00785,Gaurang Mani,23,M,ballari,"303, Bose, Salem-281785"
P00786,Ganga Walla,25,F,vijayanagara,"H.No. 524, Bail Circle, Singrauli-207223"
P00787,Liam Shere,37,M,hassan,"132, Basak, Burhanpur-047876"
P00788,Viraj Venkatesh,25,M,mysuru,"H.No. 86, Thakur Street, Cuttack 319541"
P00789,Rayaan Prashad,18,M,bagalkot,"H.No. 573, Kale Nagar, Siliguri 924632"
P00790,Jhalak Sarna,40,F,bidar,"77, Jayaraman Path, Bikaner 032145"
P00791,Parth Shroff,28,M,kalaburagi,"H.No. 945, Sood Circle, Nangloi Jat-553482"
P00792,Chandresh Dhingra,35,M,davanagere,"H.No. 838, Bajwa Path, Sambhal 975954"
P00793,Atharv Varughese,19,M,ramanagara,"68, Toor Nagar, Jamnagar 574223"
P00794,Sanaya Majumdar,35,F,dakshina_kannada,"H.No. 040, Hayer Street, Jehanabad-626894"
P00795,Aadi Bhatti,34,M,kalaburagi,"H.No. 71, Sidhu Ganj, Kumbakonam-175957"
P00796,Noah Narain,49,M,raichur,"33/06, Magar Chowk, Danapur-760944"
P00797,Ethan Kapoor,21,M,hassan,"21, Tiwari Circle, Haridwar-695413"
P00798,Wridesh Bhatti,41,M,haveri,"66, Sachdeva Street, Ludhiana 514377"
P00799,Hredhaan Ravi,24,M,bidar,"H.No. 39, Nayar Street, Khora -961111"
P00800,Falan Zachariah,32,M,vijayapura,"H.No. 200, Goel Chowk, Guntur-559102"
