transaction_id,from_account,to_account,amount,date,linked_person_id,synthetic_pattern
TXN00001,ACC00242,ACC00373,82673.54,2025-03-14,P00242,none
TXN00002,ACC00035,ACC00346,179935.34,2024-08-21,P00035,none
TXN00003,ACC00723,ACC00254,89119.3,2025-03-11,P00723,none
TXN00004,ACC00607,ACC00522,49506.6,2024-01-28,P00607,none
TXN00005,ACC00406,ACC00495,129100.12,2025-11-12,P00406,none
TXN00006,ACC00217,ACC00023,163575.96,2025-04-27,P00217,none
TXN00007,ACC00718,ACC00124,109824.73,2024-05-18,P00718,none
TXN00008,ACC00188,ACC00753,37090.3,2025-02-24,P00188,none
TXN00009,ACC00487,ACC00589,128653.43,2024-03-24,P00487,none
TXN00010,ACC00630,ACC00017,154333.92,2025-04-07,P00630,none
TXN00011,ACC00521,ACC00663,101659.81,2024-12-02,P00521,none
TXN00012,ACC00224,ACC00515,152105.54,2025-11-23,P00224,none
TXN00013,ACC00613,ACC00048,77748.56,2024-07-29,P00613,none
TXN00014,ACC00587,ACC00425,41267.89,2025-11-27,P00587,none
TXN00015,ACC00174,ACC00714,103249.93,2025-09-24,P00174,none
TXN00016,ACC00516,ACC00775,96574.78,2025-02-13,P00516,none
TXN00017,ACC00025,ACC00760,168845.01,2025-10-14,P00025,none
TXN00018,ACC00331,ACC00023,168846.58,2025-10-14,P00331,none
TXN00019,ACC00310,ACC00585,28041.04,2024-04-30,P00310,none
TXN00020,ACC00712,ACC00467,12207.2,2025-10-25,P00712,none
TXN00021,ACC00575,ACC00433,153116.35,2024-03-20,P00575,none
TXN00022,ACC00559,ACC00412,136717.4,2025-03-29,P00559,none
TXN00023,ACC00031,ACC00417,78455.45,2024-07-10,P00031,none
TXN00024,ACC00063,ACC00781,14410.76,2024-06-15,P00063,none
TXN00025,ACC00592,ACC00693,179314.55,2024-01-16,P00592,none
TXN00026,ACC00486,ACC00197,188729.32,2025-08-17,P00486,none
TXN00027,ACC00596,ACC00182,153464.17,2025-06-05,P00596,none
TXN00028,ACC00631,ACC00083,134744.33,2025-08-03,P00631,none
TXN00029,ACC00550,ACC00164,98362.34,2025-07-29,P00550,none
TXN00030,ACC00158,ACC00429,140634.37,2024-07-27,P00158,none
TXN00031,ACC00792,ACC00239,92998.29,2025-04-13,P00792,none
TXN00032,ACC00756,ACC00007,107011.75,2024-11-11,P00756,none
TXN00033,ACC00626,ACC00269,34737.33,2025-08-24,P00626,none
TXN00034,ACC00299,ACC00162,6526.3,2025-12-13,P00299,none
TXN00035,ACC00606,ACC00549,137549.17,2025-11-11,P00606,none
TXN00036,ACC00241,ACC00090,135077.08,2024-08-31,P00241,none
TXN00037,ACC00335,ACC00310,137574.03,2025-10-17,P00335,none
TXN00038,ACC00616,ACC00709,4345.9,2024-10-16,P00616,none
TXN00039,ACC00368,ACC00794,113333.37,2025-03-04,P00368,none
TXN00040,ACC00461,ACC00028,198779.84,2025-09-05,P00461,none
TXN00041,ACC00184,ACC00066,123577.58,2025-07-05,P00184,none
TXN00042,ACC00450,ACC00195,897.36,2024-09-21,P00450,none
TXN00043,ACC00622,ACC00544,32900.01,2024-10-05,P00622,none
TXN00044,ACC00238,ACC00575,182536.33,2024-10-11,P00238,none
TXN00045,ACC00675,ACC00252,162438.75,2025-12-15,P00675,none
TXN00046,ACC00151,ACC00711,135819.76,2024-03-18,P00151,none
TXN00047,ACC00478,ACC00743,107986.05,2025-02-28,P00478,none
TXN00048,ACC00483,ACC00515,172076.46,2024-01-06,P00483,none
TXN00049,ACC00396,ACC00650,75692.58,2025-10-18,P00396,none
TXN00050,ACC00278,ACC00680,44747.9,2024-04-26,P00278,none
TXN00051,ACC00352,ACC00661,105776.94,2024-02-23,P00352,none
TXN00052,ACC00106,ACC00389,130273.03,2024-09-15,P00106,none
TXN00053,ACC00791,ACC00595,184241.11,2025-11-04,P00791,none
TXN00054,ACC00146,ACC00670,102444.94,2024-12-02,P00146,none
TXN00055,ACC00002,ACC00205,187926.74,2024-02-17,P00002,none
TXN00056,ACC00118,ACC00488,11352.64,2025-09-05,P00118,none
TXN00057,ACC00160,ACC00423,126346.75,2024-02-13,P00160,none
TXN00058,ACC00457,ACC00050,41115.62,2025-06-09,P00457,none
TXN00059,ACC00645,ACC00553,6773.37,2025-10-17,P00645,none
TXN00060,ACC00068,ACC00466,32287.14,2024-06-02,P00068,none
TXN00061,ACC00542,ACC00170,120327.34,2025-02-28,P00542,none
TXN00062,ACC00564,ACC00179,130430.76,2024-10-30,P00564,none
TXN00063,ACC00307,ACC00540,65586.67,2024-01-31,P00307,none
TXN00064,ACC00677,ACC00020,91799.83,2025-06-12,P00677,none
TXN00065,ACC00520,ACC00676,116101.0,2024-12-13,P00520,none
TXN00066,ACC00579,ACC00189,128496.39,2025-04-23,P00579,none
TXN00067,ACC00647,ACC00283,18219.05,2025-03-05,P00647,none
TXN00068,ACC00553,ACC00003,84884.98,2025-08-29,P00553,none
TXN00069,ACC00702,ACC00116,143986.85,2025-01-29,P00702,none
TXN00070,ACC00113,ACC00176,160061.91,2025-02-19,P00113,none
TXN00071,ACC00402,ACC00136,3603.42,2024-02-03,P00402,none
TXN00072,ACC00544,ACC00137,168214.05,2024-09-02,P00544,none
TXN00073,ACC00640,ACC00123,91529.75,2025-10-12,P00640,none
TXN00074,ACC00776,ACC00180,198855.95,2025-03-07,P00776,none
TXN00075,ACC00200,ACC00689,180320.31,2024-09-27,P00200,none
TXN00076,ACC00288,ACC00276,44059.24,2025-09-01,P00288,none
TXN00077,ACC00391,ACC00646,130366.67,2025-10-19,P00391,none
TXN00078,ACC00260,ACC00343,199664.8,2025-11-27,P00260,none
TXN00079,ACC00497,ACC00007,16703.99,2024-01-12,P00497,none
TXN00080,ACC00754,ACC00765,59399.4,2025-11-08,P00754,none
TXN00081,ACC00674,ACC00147,60002.19,2025-11-04,P00674,none
TXN00082,ACC00383,ACC00221,81860.46,2024-01-20,P00383,none
TXN00083,ACC00600,ACC00093,187788.2,2024-06-08,P00600,none
TXN00084,ACC00229,ACC00470,73164.26,2024-01-10,P00229,none
TXN00085,ACC00188,ACC00565,181939.8,2025-08-06,P00188,none
TXN00086,ACC00463,ACC00415,164672.16,2024-03-01,P00463,none
TXN00087,ACC00256,ACC00625,75656.14,2025-04-04,P00256,none
TXN00088,ACC00001,ACC00136,183699.02,2024-10-27,P00001,none
TXN00089,ACC00249,ACC00385,63989.89,2025-12-07,P00249,none
TXN00090,ACC00316,ACC00044,70710.15,2024-08-15,P00316,none
TXN00091,ACC00716,ACC00783,85270.4,2025-05-28,P00716,none
TXN00092,ACC00772,ACC00082,140132.51,2025-03-26,P00772,none
TXN00093,ACC00377,ACC00798,188355.27,2025-11-26,P00377,none
TXN00094,ACC00017,ACC00249,174803.94,2025-12-19,P00017,none
TXN00095,ACC00279,ACC00523,109583.48,2024-05-01,P00279,none
TXN00096,ACC00361,ACC00735,114206.13,2025-05-25,P00361,none
TXN00097,ACC00255,ACC00531,74203.02,2025-02-13,P00255,none
TXN00098,ACC00421,ACC00156,199813.02,2024-05-10,P00421,none
TXN00099,ACC00237,ACC00439,8168.85,2025-02-16,P00237,none
TXN00100,ACC00475,ACC00619,155204.84,2025-06-25,P00475,none
TXN00101,ACC00418,ACC00291,117268.78,2024-05-12,P00418,none
TXN00102,ACC00382,ACC00596,62427.18,2025-05-11,P00382,none
TXN00103,ACC00683,ACC00179,27410.24,2024-02-21,P00683,none
TXN00104,ACC00263,ACC00191,121164.02,2025-01-31,P00263,none
TXN00105,ACC00189,ACC00170,192268.58,2025-07-31,P00189,none
TXN00106,ACC00635,ACC00132,2710.39,2025-03-02,P00635,none
TXN00107,ACC00408,ACC00075,193316.43,2025-08-05,P00408,none
TXN00108,ACC00598,ACC00418,35795.68,2024-12-19,P00598,none
TXN00109,ACC00387,ACC00625,197060.71,2025-09-07,P00387,none
TXN00110,ACC00674,ACC00159,117803.55,2025-09-09,P00674,none
TXN00111,ACC00752,ACC00562,49965.69,2024-11-24,P00752,none
TXN00112,ACC00770,ACC00567,147093.37,2025-02-13,P00770,none
TXN00113,ACC00570,ACC00528,93066.27,2025-05-22,P00570,none
TXN00114,ACC00462,ACC00626,37864.57,2025-03-20,P00462,none
TXN00115,ACC00013,ACC00309,24722.9,2024-09-17,P00013,none
TXN00116,ACC00538,ACC00177,10246.72,2024-09-14,P00538,none
TXN00117,ACC00623,ACC00253,19581.31,2024-07-23,P00623,none
TXN00118,ACC00618,ACC00541,149334.12,2025-09-05,P00618,none
TXN00119,ACC00087,ACC00159,198212.9,2025-02-16,P00087,none
TXN00120,ACC00011,ACC00031,1381.6,2024-03-09,P00011,none
TXN00121,ACC00297,ACC00305,10409.23,2025-11-05,P00297,none
TXN00122,ACC00716,ACC00478,186024.28,2024-05-30,P00716,none
TXN00123,ACC00632,ACC00742,149525.1,2024-03-09,P00632,none
TXN00124,ACC00313,ACC00759,130586.62,2024-08-20,P00313,none
TXN00125,ACC00035,ACC00292,146352.29,2025-07-31,P00035,none
TXN00126,ACC00073,ACC00223,60453.54,2024-01-18,P00073,none
TXN00127,ACC00210,ACC00529,162399.72,2025-05-22,P00210,none
TXN00128,ACC00330,ACC00156,180276.1,2025-07-10,P00330,none
TXN00129,ACC00482,ACC00136,7117.82,2025-09-19,P00482,none
TXN00130,ACC00554,ACC00446,129063.26,2025-11-18,P00554,none
TXN00131,ACC00393,ACC00305,32373.9,2025-11-14,P00393,none
TXN00132,ACC00715,ACC00139,59721.87,2024-01-12,P00715,none
TXN00133,ACC00338,ACC00636,193939.39,2025-10-26,P00338,none
TXN00134,ACC00155,ACC00057,103958.74,2024-08-27,P00155,none
TXN00135,ACC00345,ACC00238,6680.56,2025-05-11,P00345,none
TXN00136,ACC00437,ACC00439,121921.93,2024-04-14,P00437,none
TXN00137,ACC00638,ACC00268,111960.51,2025-09-27,P00638,none
TXN00138,ACC00411,ACC00129,183117.05,2025-08-05,P00411,none
TXN00139,ACC00796,ACC00559,184282.79,2024-02-04,P00796,none
TXN00140,ACC00665,ACC00379,80758.5,2024-05-14,P00665,none
TXN00141,ACC00005,ACC00088,95034.69,2025-01-08,P00005,none
TXN00142,ACC00252,ACC00644,187080.91,2025-04-04,P00252,none
TXN00143,ACC00631,ACC00419,82103.51,2025-06-22,P00631,none
TXN00144,ACC00441,ACC00586,66974.5,2025-05-06,P00441,none
TXN00145,ACC00157,ACC00776,153014.02,2025-10-19,P00157,none
TXN00146,ACC00790,ACC00298,169990.03,2024-01-07,P00790,none
TXN00147,ACC00318,ACC00254,159182.84,2024-11-10,P00318,none
TXN00148,ACC00503,ACC00264,24542.94,2024-06-16,P00503,none
TXN00149,ACC00326,ACC00231,192890.85,2025-11-03,P00326,none
TXN00150,ACC00199,ACC00494,132264.99,2024-11-19,P00199,none
TXN00151,ACC00415,ACC00100,3040.18,2025-05-23,P00415,none
TXN00152,ACC00502,ACC00508,39691.63,2024-06-22,P00502,none
TXN00153,ACC00076,ACC00509,198120.58,2024-12-24,P00076,none
TXN00154,ACC00064,ACC00232,84099.22,2025-08-12,P00064,none
TXN00155,ACC00781,ACC00680,36278.06,2024-02-16,P00781,none
TXN00156,ACC00151,ACC00712,67038.42,2025-09-28,P00151,none
TXN00157,ACC00763,ACC00598,119725.24,2024-03-13,P00763,none
TXN00158,ACC00605,ACC00204,103369.46,2024-07-17,P00605,none
TXN00159,ACC00216,ACC00471,8542.8,2024-11-01,P00216,none
TXN00160,ACC00750,ACC00189,162167.83,2024-11-13,P00750,none
TXN00161,ACC00282,ACC00460,57678.93,2025-09-15,P00282,none
TXN00162,ACC00001,ACC00799,54551.26,2025-03-17,P00001,none
TXN00163,ACC00027,ACC00455,150083.59,2025-07-01,P00027,none
TXN00164,ACC00426,ACC00132,155006.14,2024-11-18,P00426,none
TXN00165,ACC00068,ACC00006,138519.73,2025-04-26,P00068,none
TXN00166,ACC00424,ACC00330,15705.16,2025-09-14,P00424,none
TXN00167,ACC00074,ACC00483,126160.05,2025-12-05,P00074,none
TXN00168,ACC00571,ACC00800,195010.15,2024-04-01,P00571,none
TXN00169,ACC00495,ACC00712,48159.01,2025-11-04,P00495,none
TXN00170,ACC00171,ACC00552,118821.36,2024-03-21,P00171,none
TXN00171,ACC00275,ACC00361,77013.57,2024-09-18,P00275,none
TXN00172,ACC00038,ACC00620,162881.64,2025-07-25,P00038,none
TXN00173,ACC00363,ACC00522,790.4,2024-12-20,P00363,none
TXN00174,ACC00558,ACC00760,16271.22,2024-04-07,P00558,none
TXN00175,ACC00329,ACC00463,52484.12,2025-09-26,P00329,none
TXN00176,ACC00402,ACC00686,73466.21,2025-09-08,P00402,none
TXN00177,ACC00683,ACC00120,184404.19,2024-02-18,P00683,none
TXN00178,ACC00663,ACC00504,164341.0,2024-01-03,P00663,none
TXN00179,ACC00052,ACC00292,2755.93,2024-09-08,P00052,none
TXN00180,ACC00013,ACC00735,62640.73,2024-11-15,P00013,none
TXN00181,ACC00121,ACC00553,984639.97,2024-10-09,P00121,structuring
TXN00182,ACC00121,ACC00553,936161.9,2024-10-10,P00121,structuring
TXN00183,ACC00121,ACC00553,980002.76,2024-10-11,P00121,structuring
TXN00184,ACC00729,ACC00560,925293.27,2024-06-02,P00729,structuring
TXN00185,ACC00729,ACC00560,955075.8,2024-06-03,P00729,structuring
TXN00186,ACC00729,ACC00560,964263.22,2024-06-04,P00729,structuring
TXN00187,ACC00603,ACC00392,969866.71,2025-02-07,P00603,structuring
TXN00188,ACC00603,ACC00392,967997.02,2025-02-08,P00603,structuring
TXN00189,ACC00603,ACC00392,922593.86,2025-02-09,P00603,structuring
TXN00190,ACC00527,ACC00381,964492.03,2025-07-11,P00527,structuring
TXN00191,ACC00527,ACC00381,938115.58,2025-07-12,P00527,structuring
TXN00192,ACC00527,ACC00381,983186.62,2025-07-13,P00527,structuring
TXN00193,ACC00527,ACC00381,968343.3,2025-07-14,P00527,structuring
TXN00194,ACC00676,ACC00456,929850.86,2025-06-30,P00676,structuring
TXN00195,ACC00676,ACC00456,940910.24,2025-07-01,P00676,structuring
TXN00196,ACC00676,ACC00456,959525.23,2025-07-02,P00676,structuring
TXN00197,ACC00093,ACC00347,327323.5,2025-03-23,P00093,funnel_in
TXN00198,ACC00393,ACC00347,201661.65,2025-03-23,P00393,funnel_in
TXN00199,ACC00290,ACC00347,200930.92,2025-03-23,P00290,funnel_in
TXN00200,ACC00347,ACC00243,571272.9,2025-03-24,P00347,funnel_out
TXN00201,ACC00136,ACC00428,301225.35,2024-07-13,P00136,funnel_in
TXN00202,ACC00205,ACC00428,267105.69,2024-07-13,P00205,funnel_in
TXN00203,ACC00057,ACC00428,215911.78,2024-07-13,P00057,funnel_in
TXN00204,ACC00428,ACC00022,651568.78,2024-07-14,P00428,funnel_out
TXN00205,ACC00055,ACC00520,271845.5,2025-03-18,P00055,funnel_in
TXN00206,ACC00782,ACC00520,276397.28,2025-03-18,P00782,funnel_in
TXN00207,ACC00789,ACC00520,391238.64,2025-03-18,P00789,funnel_in
TXN00208,ACC00520,ACC00572,641483.96,2025-03-19,P00520,funnel_out
